fragmentAndSide,fragment,fragmentTotal,fragmentVote,devideVoteByTotal,fragmentAndSideTotal,fragmentAndSideVote,devideSideVoteBySideTotal,fragmentAndSideTrendVote,devideSideTrendVoteBySideTotal,fragmentAndSideTrendVoteStrict,devideSideTrendVoteStrictBySideTotal,fragmentAndSideTrendVoteSync,devideSideTrendVoteSyncBySideTotal,firstFileName,firstCroppedWidth,firstOffsetX,firstOffsetY,firstHorizontalFlip,secondFileName,secondCroppedWidth,secondOffsetX,secondOffsetY,secondHorizontalFlip,origCoordinates,class,votesOverlapMax,divideOverlapMaxBySideTotal,votesOverlapHeight,votesSupportOverlapRect,divideSupportOverlapBySideTotal,divideSupportOverlapBySideVote,prediction,frontImageCombined,backImageCombined
P593Fg001_0_P593Fg002_0,P593Fg001_P593Fg002,3920,1604,0.409183673,1100,606,0.550909091,606,0.550909091,1,0.000909091,0,0,P593Fg001,2185,2136,1021,1,P593Fg002,1264,2550,1609,1,[],0,44,0.04,50,44,0.04,0.072607261,1,ux593_20190105/R=P593Fg001_0_P593Fg002_0.jpg,ux593_20190105/V=P593Fg001_0_P593Fg002_0.jpg
P593Fg002_1_P593Fg003_0,P593Fg002_P593Fg003,1840,759,0.4125,460,204,0.443478261,203,0.441304348,1,0.002173913,0,0,P593Fg002,1264,2550,1609,1,P593Fg003,1542,2531,1629,1,[],0,41,0.089130435,50,41,0.089130435,0.200980392,1,ux593_20190105/R=P593Fg002_1_P593Fg003_0.jpg,ux593_20190105/V=P593Fg002_1_P593Fg003_0.jpg
P593Fg001_0_P593Fg003_0,P593Fg001_P593Fg003,4508,1866,0.41393079,1265,576,0.455335968,576,0.455335968,2,0.001581028,0,0,P593Fg001,2185,2136,1021,1,P593Fg003,1542,2531,1629,1,[],0,39,0.03083004,150,39,0.03083004,0.067708333,1,ux593_20190105/R=P593Fg001_0_P593Fg003_0.jpg,ux593_20190105/V=P593Fg001_0_P593Fg003_0.jpg
P593Fg001_0_P593Fg016_0,P593Fg001_P593Fg016,3136,1163,0.370854592,880,501,0.569318182,501,0.569318182,1,0.001136364,0,0,P593Fg001,2185,2136,1021,1,P593Fg016,1044,2842,1766,1,[],0,37,0.042045455,100,49,0.055681818,0.097804391,1,ux593_20190105/R=P593Fg001_0_P593Fg016_0.jpg,ux593_20190105/V=P593Fg001_0_P593Fg016_0.jpg
P593Fg001_0_P593Fg015_0,P593Fg001_P593Fg015,3724,1096,0.294307197,1045,480,0.459330144,480,0.459330144,1,0.000956938,0,0,P593Fg001,2185,2136,1021,1,P593Fg015,1184,2802,1572,1,[],0,37,0.035406699,50,37,0.035406699,0.077083333,1,ux593_20190105/R=P593Fg001_0_P593Fg015_0.jpg,ux593_20190105/V=P593Fg001_0_P593Fg015_0.jpg
P593Fg001_1_P593Fg003_0,P593Fg001_P593Fg003,4508,1866,0.41393079,989,415,0.419615774,412,0.416582406,2,0.002022245,0,0,P593Fg001,2185,2136,1021,1,P593Fg003,1542,2531,1629,1,[],0,36,0.036400404,100,47,0.04752275,0.113253012,1,ux593_20190105/R=P593Fg001_1_P593Fg003_0.jpg,ux593_20190105/V=P593Fg001_1_P593Fg003_0.jpg
P593Fg002_1_P593Fg004_0,P593Fg002_P593Fg004,1040,589,0.566346154,260,160,0.615384615,160,0.615384615,1,0.003846154,0,0,P593Fg002,1264,2550,1609,1,P593Fg004,1399,2862,1709,1,[],0,36,0.138461538,150,36,0.138461538,0.225,1,ux593_20190105/R=P593Fg002_1_P593Fg004_0.jpg,ux593_20190105/V=P593Fg002_1_P593Fg004_0.jpg
P593Fg015_1_P593Fg016_0,P593Fg015_P593Fg016,1216,545,0.448190789,304,148,0.486842105,148,0.486842105,2,0.006578947,0,0,P593Fg015,1184,2802,1572,1,P593Fg016,1044,2842,1766,1,[],0,34,0.111842105,100,45,0.148026316,0.304054054,1,ux593_20190105/R=P593Fg015_1_P593Fg016_0.jpg,ux593_20190105/V=P593Fg015_1_P593Fg016_0.jpg
P593Fg015_0_P593Fg016_0,P593Fg015_P593Fg016,1216,545,0.448190789,304,195,0.641447368,195,0.641447368,1,0.003289474,0,0,P593Fg015,1184,2802,1572,1,P593Fg016,1044,2842,1766,1,[],0,34,0.111842105,150,34,0.111842105,0.174358974,1,ux593_20190105/R=P593Fg015_0_P593Fg016_0.jpg,ux593_20190105/V=P593Fg015_0_P593Fg016_0.jpg
P593Fg001_0_P593Fg002_1,P593Fg001_P593Fg002,3920,1604,0.409183673,1100,371,0.337272727,371,0.337272727,1,0.000909091,0,0,P593Fg001,2185,2136,1021,1,P593Fg002,1264,2550,1609,1,[],0,34,0.030909091,50,34,0.030909091,0.091644205,1,ux593_20190105/R=P593Fg001_0_P593Fg002_1.jpg,ux593_20190105/V=P593Fg001_0_P593Fg002_1.jpg
P593Fg002_0_P593Fg016_0,P593Fg002_P593Fg016,1280,490,0.3828125,320,167,0.521875,167,0.521875,1,0.003125,0,0,P593Fg002,1264,2550,1609,1,P593Fg016,1044,2842,1766,1,[],0,33,0.103125,100,43,0.134375,0.25748503,1,ux593_20190105/R=P593Fg002_0_P593Fg016_0.jpg,ux593_20190105/V=P593Fg002_0_P593Fg016_0.jpg
P593Fg002_1_P593Fg003_1,P593Fg002_P593Fg003,1840,759,0.4125,437,219,0.501144165,219,0.501144165,1,0.00228833,0,0,P593Fg002,1264,2550,1609,1,P593Fg003,1542,2531,1629,1,[],0,33,0.075514874,100,43,0.098398169,0.196347032,1,ux593_20190105/R=P593Fg002_1_P593Fg003_1.jpg,ux593_20190105/V=P593Fg002_1_P593Fg003_1.jpg
P593Fg001_1_P593Fg002_0,P593Fg001_P593Fg002,3920,1604,0.409183673,860,403,0.468604651,402,0.46744186,1,0.001162791,0,0,P593Fg001,2185,2136,1021,1,P593Fg002,1264,2550,1609,1,[],0,33,0.038372093,100,43,0.05,0.106699752,1,ux593_20190105/R=P593Fg001_1_P593Fg002_0.jpg,ux593_20190105/V=P593Fg001_1_P593Fg002_0.jpg
P593Fg002_1_P593Fg016_0,P593Fg002_P593Fg016,1280,490,0.3828125,320,155,0.484375,154,0.48125,1,0.003125,0,0,P593Fg002,1264,2550,1609,1,P593Fg016,1044,2842,1766,1,[],0,33,0.103125,50,33,0.103125,0.212903226,1,ux593_20190105/R=P593Fg002_1_P593Fg016_0.jpg,ux593_20190105/V=P593Fg002_1_P593Fg016_0.jpg
P593Fg001_1_P593Fg004_0,P593Fg001_P593Fg004,2548,1448,0.568288854,559,309,0.552772809,308,0.5509839,1,0.001788909,0,0,P593Fg001,2185,2136,1021,1,P593Fg004,1399,2862,1709,1,[],0,33,0.059033989,50,33,0.059033989,0.106796117,1,ux593_20190105/R=P593Fg001_1_P593Fg004_0.jpg,ux593_20190105/V=P593Fg001_1_P593Fg004_0.jpg
P593Fg001_0_P593Fg004_0,P593Fg001_P593Fg004,2548,1448,0.568288854,715,494,0.690909091,494,0.690909091,1,0.001398601,0,0,P593Fg001,2185,2136,1021,1,P593Fg004,1399,2862,1709,1,[],0,33,0.046153846,150,33,0.046153846,0.066801619,1,ux593_20190105/R=P593Fg001_0_P593Fg004_0.jpg,ux593_20190105/V=P593Fg001_0_P593Fg004_0.jpg
P593Fg001_1_P593Fg003_1,P593Fg001_P593Fg003,4508,1866,0.41393079,989,509,0.514661274,508,0.513650152,2,0.002022245,0,0,P593Fg001,2185,2136,1021,1,P593Fg003,1542,2531,1629,1,[],0,32,0.032355915,50,32,0.032355915,0.062868369,1,ux593_20190105/R=P593Fg001_1_P593Fg003_1.jpg,ux593_20190105/V=P593Fg001_1_P593Fg003_1.jpg
P593Fg001_1_P593Fg016_0,P593Fg001_P593Fg016,3136,1163,0.370854592,688,272,0.395348837,268,0.389534884,1,0.001453488,0,0,P593Fg001,2185,2136,1021,1,P593Fg016,1044,2842,1766,1,[],0,31,0.04505814,450,62,0.090116279,0.227941176,1,ux593_20190105/R=P593Fg001_1_P593Fg016_0.jpg,ux593_20190105/V=P593Fg001_1_P593Fg016_0.jpg
P593Fg002_0_P593Fg018_1,P593Fg002_P593Fg018,1040,387,0.372115385,260,131,0.503846154,131,0.503846154,2,0.007692308,0,0,P593Fg002,1264,2550,1609,1,P593Fg018,979,3152,1684,1,[],0,31,0.119230769,50,31,0.119230769,0.236641221,1,ux593_20190105/R=P593Fg002_0_P593Fg018_1.jpg,ux593_20190105/V=P593Fg002_0_P593Fg018_1.jpg
P593Fg001_0_P593Fg018_1,P593Fg001_P593Fg018,2548,970,0.380690738,715,398,0.556643357,398,0.556643357,1,0.001398601,0,0,P593Fg001,2185,2136,1021,1,P593Fg018,979,3152,1684,1,[],0,31,0.043356643,50,31,0.043356643,0.077889447,1,ux593_20190105/R=P593Fg001_0_P593Fg018_1.jpg,ux593_20190105/V=P593Fg001_0_P593Fg018_1.jpg
P593Fg001_1_P593Fg015_0,P593Fg001_P593Fg015,3724,1096,0.294307197,779,193,0.24775353,191,0.245186136,1,0.001283697,0,0,P593Fg001,2185,2136,1021,1,P593Fg015,1184,2802,1572,1,[],0,31,0.039794608,50,31,0.039794608,0.160621762,1,ux593_20190105/R=P593Fg001_1_P593Fg015_0.jpg,ux593_20190105/V=P593Fg001_1_P593Fg015_0.jpg
P593Fg001_1_P593Fg015_1,P593Fg001_P593Fg015,3724,1096,0.294307197,817,224,0.274173807,223,0.272949816,2,0.00244798,4,0.004895961,P593Fg001,2185,2136,1021,1,P593Fg015,1184,2802,1572,1,[],0,31,0.037943696,50,31,0.037943696,0.138392857,1,ux593_20190105/R=P593Fg001_1_P593Fg015_1.jpg,ux593_20190105/V=P593Fg001_1_P593Fg015_1.jpg
P593Fg016_1_P593Fg018_1,P593Fg016_P593Fg018,832,404,0.485576923,208,134,0.644230769,134,0.644230769,1,0.004807692,0,0,P593Fg016,1044,2842,1766,1,P593Fg018,979,3152,1684,1,[],0,30,0.144230769,200,30,0.144230769,0.223880597,1,ux593_20190105/R=P593Fg016_1_P593Fg018_1.jpg,ux593_20190105/V=P593Fg016_1_P593Fg018_1.jpg
P593Fg002_0_P593Fg017_1,P593Fg002_P593Fg017,1040,367,0.352884615,260,108,0.415384615,108,0.415384615,1,0.003846154,0,0,P593Fg002,1264,2550,1609,1,P593Fg017,912,3079,1875,1,[],0,30,0.115384615,50,30,0.115384615,0.277777778,1,ux593_20190105/R=P593Fg002_0_P593Fg017_1.jpg,ux593_20190105/V=P593Fg002_0_P593Fg017_1.jpg
P593Fg013_0_P593Fg015_0,P593Fg013_P593Fg015,1216,269,0.221217105,304,153,0.503289474,153,0.503289474,1,0.003289474,0,0,P593Fg013,1270,3200,1525,1,P593Fg015,1184,2802,1572,1,[],0,30,0.098684211,50,30,0.098684211,0.196078431,1,ux593_20190105/R=P593Fg013_0_P593Fg015_0.jpg,ux593_20190105/V=P593Fg013_0_P593Fg015_0.jpg
P593Fg015_0_P593Fg018_1,P593Fg015_P593Fg018,988,436,0.441295547,247,171,0.692307692,171,0.692307692,1,0.004048583,0,0,P593Fg015,1184,2802,1572,1,P593Fg018,979,3152,1684,1,[],0,29,0.117408907,50,29,0.117408907,0.169590643,1,ux593_20190105/R=P593Fg015_0_P593Fg018_1.jpg,ux593_20190105/V=P593Fg015_0_P593Fg018_1.jpg
P593Fg001_1_P593Fg002_1,P593Fg001_P593Fg002,3920,1604,0.409183673,860,224,0.260465116,223,0.259302326,1,0.001162791,0,0,P593Fg001,2185,2136,1021,1,P593Fg002,1264,2550,1609,1,[],0,29,0.03372093,50,29,0.03372093,0.129464286,1,ux593_20190105/R=P593Fg001_1_P593Fg002_1.jpg,ux593_20190105/V=P593Fg001_1_P593Fg002_1.jpg
P593Fg013_0_P593Fg017_1,P593Fg013_P593Fg017,832,369,0.443509615,208,114,0.548076923,114,0.548076923,1,0.004807692,0,0,P593Fg013,1270,3200,1525,1,P593Fg017,912,3079,1875,1,[],0,28,0.134615385,50,28,0.134615385,0.245614035,1,ux593_20190105/R=P593Fg013_0_P593Fg017_1.jpg,ux593_20190105/V=P593Fg013_0_P593Fg017_1.jpg
P593Fg015_0_P593Fg017_1,P593Fg015_P593Fg017,988,414,0.41902834,247,142,0.574898785,142,0.574898785,1,0.004048583,0,0,P593Fg015,1184,2802,1572,1,P593Fg017,912,3079,1875,1,[],0,28,0.113360324,200,28,0.113360324,0.197183099,1,ux593_20190105/R=P593Fg015_0_P593Fg017_1.jpg,ux593_20190105/V=P593Fg015_0_P593Fg017_1.jpg
P593Fg002_0_P593Fg015_0,P593Fg002_P593Fg015,1520,461,0.303289474,380,170,0.447368421,170,0.447368421,1,0.002631579,0,0,P593Fg002,1264,2550,1609,1,P593Fg015,1184,2802,1572,1,[],0,28,0.073684211,50,28,0.073684211,0.164705882,1,ux593_20190105/R=P593Fg002_0_P593Fg015_0.jpg,ux593_20190105/V=P593Fg002_0_P593Fg015_0.jpg
P593Fg002_0_P593Fg003_0,P593Fg002_P593Fg003,1840,759,0.4125,460,209,0.454347826,209,0.454347826,2,0.004347826,0,0,P593Fg002,1264,2550,1609,1,P593Fg003,1542,2531,1629,1,[],0,28,0.060869565,50,28,0.060869565,0.133971292,1,ux593_20190105/R=P593Fg002_0_P593Fg003_0.jpg,ux593_20190105/V=P593Fg002_0_P593Fg003_0.jpg
P593Fg002_1_P593Fg018_1,P593Fg002_P593Fg018,1040,387,0.372115385,260,107,0.411538462,107,0.411538462,1,0.003846154,0,0,P593Fg002,1264,2550,1609,1,P593Fg018,979,3152,1684,1,[],0,27,0.103846154,100,35,0.134615385,0.327102804,1,ux593_20190105/R=P593Fg002_1_P593Fg018_1.jpg,ux593_20190105/V=P593Fg002_1_P593Fg018_1.jpg
P593Fg013_0_P593Fg017_0,P593Fg013_P593Fg017,832,369,0.443509615,208,113,0.543269231,113,0.543269231,1,0.004807692,0,0,P593Fg013,1270,3200,1525,1,P593Fg017,912,3079,1875,1,[],0,27,0.129807692,50,27,0.129807692,0.238938053,1,ux593_20190105/R=P593Fg013_0_P593Fg017_0.jpg,ux593_20190105/V=P593Fg013_0_P593Fg017_0.jpg
P593Fg016_1_P593Fg017_1,P593Fg016_P593Fg017,832,390,0.46875,208,101,0.485576923,101,0.485576923,2,0.009615385,1,0.004807692,P593Fg016,1044,2842,1766,1,P593Fg017,912,3079,1875,1,[],0,27,0.129807692,50,27,0.129807692,0.267326733,1,ux593_20190105/R=P593Fg016_1_P593Fg017_1.jpg,ux593_20190105/V=P593Fg016_1_P593Fg017_1.jpg
P593Fg016_0_P593Fg018_1,P593Fg016_P593Fg018,832,404,0.485576923,208,115,0.552884615,114,0.548076923,1,0.004807692,0,0,P593Fg016,1044,2842,1766,1,P593Fg018,979,3152,1684,1,[],0,27,0.129807692,50,27,0.129807692,0.234782609,1,ux593_20190105/R=P593Fg016_0_P593Fg018_1.jpg,ux593_20190105/V=P593Fg016_0_P593Fg018_1.jpg
P593Fg013_0_P593Fg018_1,P593Fg013_P593Fg018,832,291,0.349759615,208,115,0.552884615,115,0.552884615,1,0.004807692,0,0,P593Fg013,1270,3200,1525,1,P593Fg018,979,3152,1684,1,[],0,27,0.129807692,50,27,0.129807692,0.234782609,1,ux593_20190105/R=P593Fg013_0_P593Fg018_1.jpg,ux593_20190105/V=P593Fg013_0_P593Fg018_1.jpg
P593Fg015_0_P593Fg017_0,P593Fg015_P593Fg017,988,414,0.41902834,247,152,0.615384615,152,0.615384615,1,0.004048583,0,0,P593Fg015,1184,2802,1572,1,P593Fg017,912,3079,1875,1,[],0,27,0.109311741,50,27,0.109311741,0.177631579,1,ux593_20190105/R=P593Fg015_0_P593Fg017_0.jpg,ux593_20190105/V=P593Fg015_0_P593Fg017_0.jpg
P593Fg002_1_P593Fg017_1,P593Fg002_P593Fg017,1040,367,0.352884615,260,80,0.307692308,80,0.307692308,1,0.003846154,0,0,P593Fg002,1264,2550,1609,1,P593Fg017,912,3079,1875,1,[],0,27,0.103846154,50,27,0.103846154,0.3375,1,ux593_20190105/R=P593Fg002_1_P593Fg017_1.jpg,ux593_20190105/V=P593Fg002_1_P593Fg017_1.jpg
P593Fg001_0_P593Fg003_1,P593Fg001_P593Fg003,4508,1866,0.41393079,1265,366,0.289328063,362,0.286166008,2,0.001581028,0,0,P593Fg001,2185,2136,1021,1,P593Fg003,1542,2531,1629,1,[],0,27,0.021343874,50,27,0.021343874,0.073770492,1,ux593_20190105/R=P593Fg001_0_P593Fg003_1.jpg,ux593_20190105/V=P593Fg001_0_P593Fg003_1.jpg
P593Fg002_0_P593Fg004_0,P593Fg002_P593Fg004,1040,589,0.566346154,260,169,0.65,169,0.65,1,0.003846154,0,0,P593Fg002,1264,2550,1609,1,P593Fg004,1399,2862,1709,1,[],0,26,0.1,100,34,0.130769231,0.201183432,1,ux593_20190105/R=P593Fg002_0_P593Fg004_0.jpg,ux593_20190105/V=P593Fg002_0_P593Fg004_0.jpg
P593Fg005_1_P593Fg016_0,P593Fg005_P593Fg016,480,216,0.45,144,82,0.569444444,82,0.569444444,1,0.006944444,0,0,P593Fg005,2099,2814,1994,1,P593Fg016,1044,2842,1766,1,[],0,26,0.180555556,50,26,0.180555556,0.317073171,1,ux593_20190105/R=P593Fg005_1_P593Fg016_0.jpg,ux593_20190105/V=P593Fg005_1_P593Fg016_0.jpg
P593Fg001_1_P593Fg018_1,P593Fg001_P593Fg018,2548,970,0.380690738,559,186,0.33273703,185,0.330948122,2,0.003577818,0,0,P593Fg001,2185,2136,1021,1,P593Fg018,979,3152,1684,1,[],0,26,0.046511628,150,26,0.046511628,0.139784946,1,ux593_20190105/R=P593Fg001_1_P593Fg018_1.jpg,ux593_20190105/V=P593Fg001_1_P593Fg018_1.jpg
P593Fg003_0_P593Fg018_1,P593Fg003_P593Fg018,1196,271,0.226588629,299,114,0.381270903,112,0.37458194,2,0.006688963,0,0,P593Fg003,1542,2531,1629,1,P593Fg018,979,3152,1684,1,[],0,25,0.08361204,100,33,0.110367893,0.289473684,1,ux593_20190105/R=P593Fg003_0_P593Fg018_1.jpg,ux593_20190105/V=P593Fg003_0_P593Fg018_1.jpg
P593Fg017_0_P593Fg018_1,P593Fg017_P593Fg018,676,302,0.446745562,169,101,0.597633136,101,0.597633136,1,0.00591716,0,0,P593Fg017,912,3079,1875,1,P593Fg018,979,3152,1684,1,[],0,25,0.147928994,100,32,0.189349112,0.316831683,1,ux593_20190105/R=P593Fg017_0_P593Fg018_1.jpg,ux593_20190105/V=P593Fg017_0_P593Fg018_1.jpg
P593Fg004_0_P593Fg016_0,P593Fg004_P593Fg016,832,253,0.304086538,208,87,0.418269231,87,0.418269231,1,0.004807692,0,0,P593Fg004,1399,2862,1709,1,P593Fg016,1044,2842,1766,1,[],0,25,0.120192308,100,32,0.153846154,0.367816092,1,ux593_20190105/R=P593Fg004_0_P593Fg016_0.jpg,ux593_20190105/V=P593Fg004_0_P593Fg016_0.jpg
P593Fg016_1_P593Fg017_0,P593Fg016_P593Fg017,832,390,0.46875,208,104,0.5,104,0.5,1,0.004807692,0,0,P593Fg016,1044,2842,1766,1,P593Fg017,912,3079,1875,1,[],0,25,0.120192308,100,32,0.153846154,0.307692308,1,ux593_20190105/R=P593Fg016_1_P593Fg017_0.jpg,ux593_20190105/V=P593Fg016_1_P593Fg017_0.jpg
P593Fg005_1_P593Fg017_1,P593Fg005_P593Fg017,390,194,0.497435897,117,56,0.478632479,56,0.478632479,1,0.008547009,0,0,P593Fg005,2099,2814,1994,1,P593Fg017,912,3079,1875,1,[],0,25,0.213675214,50,25,0.213675214,0.446428571,1,ux593_20190105/R=P593Fg005_1_P593Fg017_1.jpg,ux593_20190105/V=P593Fg005_1_P593Fg017_1.jpg
P593Fg017_1_P593Fg018_1,P593Fg017_P593Fg018,676,302,0.446745562,169,94,0.556213018,94,0.556213018,1,0.00591716,0,0,P593Fg017,912,3079,1875,1,P593Fg018,979,3152,1684,1,[],0,25,0.147928994,50,25,0.147928994,0.265957447,1,ux593_20190105/R=P593Fg017_1_P593Fg018_1.jpg,ux593_20190105/V=P593Fg017_1_P593Fg018_1.jpg
P593Fg013_0_P593Fg016_0,P593Fg013_P593Fg016,1024,275,0.268554688,256,118,0.4609375,118,0.4609375,1,0.00390625,0,0,P593Fg013,1270,3200,1525,1,P593Fg016,1044,2842,1766,1,[],0,25,0.09765625,50,25,0.09765625,0.211864407,1,ux593_20190105/R=P593Fg013_0_P593Fg016_0.jpg,ux593_20190105/V=P593Fg013_0_P593Fg016_0.jpg
P593Fg001_0_P593Fg004_1,P593Fg001_P593Fg004,2548,1448,0.568288854,715,366,0.511888112,366,0.511888112,1,0.001398601,0,0,P593Fg001,2185,2136,1021,1,P593Fg004,1399,2862,1709,1,[],0,25,0.034965035,50,25,0.034965035,0.068306011,1,ux593_20190105/R=P593Fg001_0_P593Fg004_1.jpg,ux593_20190105/V=P593Fg001_0_P593Fg004_1.jpg
P593Fg004_0_P593Fg018_1,P593Fg004_P593Fg018,676,219,0.323964497,169,79,0.467455621,78,0.461538462,1,0.00591716,0,0,P593Fg004,1399,2862,1709,1,P593Fg018,979,3152,1684,1,[],0,24,0.142011834,100,32,0.189349112,0.405063291,1,ux593_20190105/R=P593Fg004_0_P593Fg018_1.jpg,ux593_20190105/V=P593Fg004_0_P593Fg018_1.jpg
P593Fg002_0_P593Fg010_0,P593Fg002_P593Fg010,720,365,0.506944444,180,132,0.733333333,132,0.733333333,2,0.011111111,3,0.016666667,P593Fg002,1264,2550,1609,1,P593Fg010,1293,2911,1948,1,[],0,24,0.133333333,100,32,0.177777778,0.242424242,1,ux593_20190105/R=P593Fg002_0_P593Fg010_0.jpg,ux593_20190105/V=P593Fg002_0_P593Fg010_0.jpg
P593Fg001_1_P593Fg010_0,P593Fg001_P593Fg010,1764,836,0.473922902,387,242,0.625322997,241,0.622739018,1,0.002583979,0,0,P593Fg001,2185,2136,1021,1,P593Fg010,1293,2911,1948,1,[],0,24,0.062015504,100,32,0.082687339,0.132231405,1,ux593_20190105/R=P593Fg001_1_P593Fg010_0.jpg,ux593_20190105/V=P593Fg001_1_P593Fg010_0.jpg
P593Fg015_1_P593Fg018_1,P593Fg015_P593Fg018,988,436,0.441295547,247,93,0.376518219,93,0.376518219,1,0.004048583,0,0,P593Fg015,1184,2802,1572,1,P593Fg018,979,3152,1684,1,[],0,24,0.097165992,100,31,0.125506073,0.333333333,1,ux593_20190105/R=P593Fg015_1_P593Fg018_1.jpg,ux593_20190105/V=P593Fg015_1_P593Fg018_1.jpg
P593Fg011_0_P593Fg017_1,P593Fg011_P593Fg017,416,259,0.622596154,104,68,0.653846154,68,0.653846154,1,0.009615385,0,0,P593Fg011,1364,2824,1898,1,P593Fg017,912,3079,1875,1,[],0,24,0.230769231,50,24,0.230769231,0.352941176,1,ux593_20190105/R=P593Fg011_0_P593Fg017_1.jpg,ux593_20190105/V=P593Fg011_0_P593Fg017_1.jpg
P593Fg002_1_P593Fg015_0,P593Fg002_P593Fg015,1520,461,0.303289474,380,121,0.318421053,120,0.315789474,1,0.002631579,0,0,P593Fg002,1264,2550,1609,1,P593Fg015,1184,2802,1572,1,[],0,24,0.063157895,150,24,0.063157895,0.198347107,1,ux593_20190105/R=P593Fg002_1_P593Fg015_0.jpg,ux593_20190105/V=P593Fg002_1_P593Fg015_0.jpg
P593Fg001_1_P593Fg004_1,P593Fg001_P593Fg004,2548,1448,0.568288854,559,279,0.499105546,278,0.497316637,1,0.001788909,0,0,P593Fg001,2185,2136,1021,1,P593Fg004,1399,2862,1709,1,[],0,24,0.04293381,50,24,0.04293381,0.086021505,1,ux593_20190105/R=P593Fg001_1_P593Fg004_1.jpg,ux593_20190105/V=P593Fg001_1_P593Fg004_1.jpg
P593Fg001_0_P593Fg016_1,P593Fg001_P593Fg016,3136,1163,0.370854592,880,256,0.290909091,256,0.290909091,1,0.001136364,0,0,P593Fg001,2185,2136,1021,1,P593Fg016,1044,2842,1766,1,[],0,24,0.027272727,50,24,0.027272727,0.09375,1,ux593_20190105/R=P593Fg001_0_P593Fg016_1.jpg,ux593_20190105/V=P593Fg001_0_P593Fg016_1.jpg
P593Fg001_0_P593Fg010_0,P593Fg001_P593Fg010,1764,836,0.473922902,495,371,0.749494949,371,0.749494949,2,0.004040404,10,0.02020202,P593Fg001,2185,2136,1021,1,P593Fg010,1293,2911,1948,1,[],0,24,0.048484848,1750,0,0,0,1,ux593_20190105/R=P593Fg001_0_P593Fg010_0.jpg,ux593_20190105/V=P593Fg001_0_P593Fg010_0.jpg
P593Fg011_0_P593Fg016_0,P593Fg011_P593Fg016,512,296,0.578125,128,91,0.7109375,91,0.7109375,1,0.0078125,0,0,P593Fg011,1364,2824,1898,1,P593Fg016,1044,2842,1766,1,[],0,23,0.1796875,150,38,0.296875,0.417582418,1,ux593_20190105/R=P593Fg011_0_P593Fg016_0.jpg,ux593_20190105/V=P593Fg011_0_P593Fg016_0.jpg
P593Fg001_0_P593Fg017_1,P593Fg001_P593Fg017,2548,794,0.311616954,715,274,0.383216783,274,0.383216783,1,0.001398601,0,0,P593Fg001,2185,2136,1021,1,P593Fg017,912,3079,1875,1,[],0,23,0.032167832,100,30,0.041958042,0.109489051,1,ux593_20190105/R=P593Fg001_0_P593Fg017_1.jpg,ux593_20190105/V=P593Fg001_0_P593Fg017_1.jpg
P593Fg001_0_P593Fg017_0,P593Fg001_P593Fg017,2548,794,0.311616954,715,288,0.402797203,288,0.402797203,2,0.002797203,1,0.001398601,P593Fg001,2185,2136,1021,1,P593Fg017,912,3079,1875,1,[],0,23,0.032167832,100,30,0.041958042,0.104166667,1,ux593_20190105/R=P593Fg001_0_P593Fg017_0.jpg,ux593_20190105/V=P593Fg001_0_P593Fg017_0.jpg
P593Fg005_1_P593Fg018_1,P593Fg005_P593Fg018,390,186,0.476923077,117,72,0.615384615,72,0.615384615,1,0.008547009,0,0,P593Fg005,2099,2814,1994,1,P593Fg018,979,3152,1684,1,[],0,23,0.196581197,50,23,0.196581197,0.319444444,1,ux593_20190105/R=P593Fg005_1_P593Fg018_1.jpg,ux593_20190105/V=P593Fg005_1_P593Fg018_1.jpg
P593Fg011_1_P593Fg016_0,P593Fg011_P593Fg016,512,296,0.578125,128,94,0.734375,94,0.734375,1,0.0078125,0,0,P593Fg011,1364,2824,1898,1,P593Fg016,1044,2842,1766,1,[],0,23,0.1796875,250,23,0.1796875,0.244680851,1,ux593_20190105/R=P593Fg011_1_P593Fg016_0.jpg,ux593_20190105/V=P593Fg011_1_P593Fg016_0.jpg
P593Fg005_1_P593Fg015_0,P593Fg005_P593Fg015,570,203,0.356140351,171,87,0.50877193,87,0.50877193,1,0.005847953,0,0,P593Fg005,2099,2814,1994,1,P593Fg015,1184,2802,1572,1,[],0,23,0.134502924,50,23,0.134502924,0.264367816,1,ux593_20190105/R=P593Fg005_1_P593Fg015_0.jpg,ux593_20190105/V=P593Fg005_1_P593Fg015_0.jpg
P593Fg004_1_P593Fg016_0,P593Fg004_P593Fg016,832,253,0.304086538,208,80,0.384615385,80,0.384615385,1,0.004807692,0,0,P593Fg004,1399,2862,1709,1,P593Fg016,1044,2842,1766,1,[],0,23,0.110576923,150,23,0.110576923,0.2875,1,ux593_20190105/R=P593Fg004_1_P593Fg016_0.jpg,ux593_20190105/V=P593Fg004_1_P593Fg016_0.jpg
P593Fg003_0_P593Fg017_1,P593Fg003_P593Fg017,1170,224,0.191452991,286,99,0.346153846,99,0.346153846,1,0.003496503,0,0,P593Fg003,1542,2531,1629,1,P593Fg017,912,3079,1875,1,[],0,23,0.08041958,50,23,0.08041958,0.232323232,1,ux593_20190105/R=P593Fg003_0_P593Fg017_1.jpg,ux593_20190105/V=P593Fg003_0_P593Fg017_1.jpg
P593Fg003_1_P593Fg004_1,P593Fg003_P593Fg004,1196,571,0.477424749,299,137,0.45819398,137,0.45819398,2,0.006688963,1,0.003344482,P593Fg003,1542,2531,1629,1,P593Fg004,1399,2862,1709,1,[],0,23,0.076923077,50,23,0.076923077,0.167883212,1,ux593_20190105/R=P593Fg003_1_P593Fg004_1.jpg,ux593_20190105/V=P593Fg003_1_P593Fg004_1.jpg
P593Fg002_0_P593Fg016_1,P593Fg002_P593Fg016,1280,490,0.3828125,320,93,0.290625,93,0.290625,2,0.00625,0,0,P593Fg002,1264,2550,1609,1,P593Fg016,1044,2842,1766,1,[],0,23,0.071875,50,23,0.071875,0.247311828,1,ux593_20190105/R=P593Fg002_0_P593Fg016_1.jpg,ux593_20190105/V=P593Fg002_0_P593Fg016_1.jpg
P593Fg003_0_P593Fg016_0,P593Fg003_P593Fg016,1472,314,0.213315217,368,130,0.35326087,130,0.35326087,1,0.002717391,0,0,P593Fg003,1542,2531,1629,1,P593Fg016,1044,2842,1766,1,[],0,23,0.0625,350,16,0.043478261,0.123076923,1,ux593_20190105/R=P593Fg003_0_P593Fg016_0.jpg,ux593_20190105/V=P593Fg003_0_P593Fg016_0.jpg
P593Fg002_1_P593Fg010_0,P593Fg002_P593Fg010,720,365,0.506944444,180,125,0.694444444,125,0.694444444,1,0.005555556,0,0,P593Fg002,1264,2550,1609,1,P593Fg010,1293,2911,1948,1,[],0,22,0.122222222,100,29,0.161111111,0.232,1,ux593_20190105/R=P593Fg002_1_P593Fg010_0.jpg,ux593_20190105/V=P593Fg002_1_P593Fg010_0.jpg
P593Fg013_0_P593Fg018_0,P593Fg013_P593Fg018,832,291,0.349759615,208,77,0.370192308,77,0.370192308,2,0.009615385,1,0.004807692,P593Fg013,1270,3200,1525,1,P593Fg018,979,3152,1684,1,[],0,22,0.105769231,100,29,0.139423077,0.376623377,1,ux593_20190105/R=P593Fg013_0_P593Fg018_0.jpg,ux593_20190105/V=P593Fg013_0_P593Fg018_0.jpg
P593Fg003_0_P593Fg004_0,P593Fg003_P593Fg004,1196,571,0.477424749,299,169,0.565217391,169,0.565217391,1,0.003344482,0,0,P593Fg003,1542,2531,1629,1,P593Fg004,1399,2862,1709,1,[],0,22,0.073578595,100,29,0.096989967,0.171597633,1,ux593_20190105/R=P593Fg003_0_P593Fg004_0.jpg,ux593_20190105/V=P593Fg003_0_P593Fg004_0.jpg
P593Fg011_0_P593Fg018_1,P593Fg011_P593Fg018,416,245,0.588942308,104,74,0.711538462,74,0.711538462,1,0.009615385,0,0,P593Fg011,1364,2824,1898,1,P593Fg018,979,3152,1684,1,[],0,22,0.211538462,50,22,0.211538462,0.297297297,1,ux593_20190105/R=P593Fg011_0_P593Fg018_1.jpg,ux593_20190105/V=P593Fg011_0_P593Fg018_1.jpg
P593Fg002_0_P593Fg017_0,P593Fg002_P593Fg017,1040,367,0.352884615,260,107,0.411538462,107,0.411538462,1,0.003846154,0,0,P593Fg002,1264,2550,1609,1,P593Fg017,912,3079,1875,1,[],0,22,0.084615385,50,22,0.084615385,0.205607477,1,ux593_20190105/R=P593Fg002_0_P593Fg017_0.jpg,ux593_20190105/V=P593Fg002_0_P593Fg017_0.jpg
P593Fg002_0_P593Fg003_1,P593Fg002_P593Fg003,1840,759,0.4125,437,127,0.290617849,126,0.288329519,1,0.00228833,0,0,P593Fg002,1264,2550,1609,1,P593Fg003,1542,2531,1629,1,[],0,22,0.050343249,50,22,0.050343249,0.173228346,1,ux593_20190105/R=P593Fg002_0_P593Fg003_1.jpg,ux593_20190105/V=P593Fg002_0_P593Fg003_1.jpg
P593Fg001_0_P593Fg015_1,P593Fg001_P593Fg015,3724,1096,0.294307197,1045,199,0.190430622,199,0.190430622,1,0.000956938,0,0,P593Fg001,2185,2136,1021,1,P593Fg015,1184,2802,1572,1,[],0,22,0.021052632,50,22,0.021052632,0.110552764,1,ux593_20190105/R=P593Fg001_0_P593Fg015_1.jpg,ux593_20190105/V=P593Fg001_0_P593Fg015_1.jpg
P593Fg002_0_P593Fg004_1,P593Fg002_P593Fg004,1040,589,0.566346154,260,127,0.488461538,127,0.488461538,1,0.003846154,0,0,P593Fg002,1264,2550,1609,1,P593Fg004,1399,2862,1709,1,[],0,22,0.084615385,300,15,0.057692308,0.118110236,1,ux593_20190105/R=P593Fg002_0_P593Fg004_1.jpg,ux593_20190105/V=P593Fg002_0_P593Fg004_1.jpg
P593Fg002_0_P593Fg011_0,P593Fg002_P593Fg011,640,297,0.4640625,160,102,0.6375,102,0.6375,2,0.0125,3,0.01875,P593Fg002,1264,2550,1609,1,P593Fg011,1364,2824,1898,1,[],0,21,0.13125,100,28,0.175,0.274509804,1,ux593_20190105/R=P593Fg002_0_P593Fg011_0.jpg,ux593_20190105/V=P593Fg002_0_P593Fg011_0.jpg
P593Fg011_1_P593Fg017_1,P593Fg011_P593Fg017,416,259,0.622596154,104,60,0.576923077,60,0.576923077,1,0.009615385,0,0,P593Fg011,1364,2824,1898,1,P593Fg017,912,3079,1875,1,[],0,21,0.201923077,100,27,0.259615385,0.45,1,ux593_20190105/R=P593Fg011_1_P593Fg017_1.jpg,ux593_20190105/V=P593Fg011_1_P593Fg017_1.jpg
P593Fg004_0_P593Fg017_1,P593Fg004_P593Fg017,676,196,0.289940828,169,67,0.396449704,67,0.396449704,1,0.00591716,0,0,P593Fg004,1399,2862,1709,1,P593Fg017,912,3079,1875,1,[],0,21,0.124260355,100,27,0.159763314,0.402985075,1,ux593_20190105/R=P593Fg004_0_P593Fg017_1.jpg,ux593_20190105/V=P593Fg004_0_P593Fg017_1.jpg
P593Fg003_0_P593Fg010_0,P593Fg003_P593Fg010,828,272,0.328502415,207,107,0.516908213,107,0.516908213,2,0.009661836,4,0.019323671,P593Fg003,1542,2531,1629,1,P593Fg010,1293,2911,1948,1,[],0,21,0.101449275,100,27,0.130434783,0.252336449,1,ux593_20190105/R=P593Fg003_0_P593Fg010_0.jpg,ux593_20190105/V=P593Fg003_0_P593Fg010_0.jpg
P593Fg016_0_P593Fg017_0,P593Fg016_P593Fg017,832,390,0.46875,208,91,0.4375,91,0.4375,1,0.004807692,0,0,P593Fg016,1044,2842,1766,1,P593Fg017,912,3079,1875,1,[],0,21,0.100961538,100,27,0.129807692,0.296703297,1,ux593_20190105/R=P593Fg016_0_P593Fg017_0.jpg,ux593_20190105/V=P593Fg016_0_P593Fg017_0.jpg
P593Fg004_0_P593Fg011_0,P593Fg004_P593Fg011,416,162,0.389423077,104,68,0.653846154,68,0.653846154,2,0.019230769,2,0.019230769,P593Fg004,1399,2862,1709,1,P593Fg011,1364,2824,1898,1,[],0,21,0.201923077,50,21,0.201923077,0.308823529,1,ux593_20190105/R=P593Fg004_0_P593Fg011_0.jpg,ux593_20190105/V=P593Fg004_0_P593Fg011_0.jpg
P593Fg004_1_P593Fg010_0,P593Fg004_P593Fg010,468,211,0.450854701,117,80,0.683760684,80,0.683760684,1,0.008547009,0,0,P593Fg004,1399,2862,1709,1,P593Fg010,1293,2911,1948,1,[],0,21,0.179487179,50,21,0.179487179,0.2625,1,ux593_20190105/R=P593Fg004_1_P593Fg010_0.jpg,ux593_20190105/V=P593Fg004_1_P593Fg010_0.jpg
P593Fg013_0_P593Fg014_1,P593Fg013_P593Fg014,512,237,0.462890625,128,79,0.6171875,79,0.6171875,1,0.0078125,0,0,P593Fg013,1270,3200,1525,1,P593Fg014,921,2906,1726,1,[],0,21,0.1640625,150,21,0.1640625,0.265822785,1,ux593_20190105/R=P593Fg013_0_P593Fg014_1.jpg,ux593_20190105/V=P593Fg013_0_P593Fg014_1.jpg
P593Fg013_1_P593Fg017_1,P593Fg013_P593Fg017,832,369,0.443509615,208,67,0.322115385,67,0.322115385,2,0.009615385,3,0.014423077,P593Fg013,1270,3200,1525,1,P593Fg017,912,3079,1875,1,[],0,21,0.100961538,50,21,0.100961538,0.313432836,1,ux593_20190105/R=P593Fg013_1_P593Fg017_1.jpg,ux593_20190105/V=P593Fg013_1_P593Fg017_1.jpg
P593Fg003_1_P593Fg004_0,P593Fg003_P593Fg004,1196,571,0.477424749,299,140,0.468227425,140,0.468227425,1,0.003344482,0,0,P593Fg003,1542,2531,1629,1,P593Fg004,1399,2862,1709,1,[],0,21,0.070234114,50,21,0.070234114,0.15,1,ux593_20190105/R=P593Fg003_1_P593Fg004_0.jpg,ux593_20190105/V=P593Fg003_1_P593Fg004_0.jpg
P593Fg001_1_P593Fg011_0,P593Fg001_P593Fg011,1568,722,0.460459184,344,161,0.468023256,160,0.465116279,1,0.002906977,0,0,P593Fg001,2185,2136,1021,1,P593Fg011,1364,2824,1898,1,[],0,21,0.061046512,50,21,0.061046512,0.130434783,1,ux593_20190105/R=P593Fg001_1_P593Fg011_0.jpg,ux593_20190105/V=P593Fg001_1_P593Fg011_0.jpg
P593Fg001_0_P593Fg011_0,P593Fg001_P593Fg011,1568,722,0.460459184,440,305,0.693181818,305,0.693181818,2,0.004545455,10,0.022727273,P593Fg001,2185,2136,1021,1,P593Fg011,1364,2824,1898,1,[],0,21,0.047727273,50,21,0.047727273,0.068852459,1,ux593_20190105/R=P593Fg001_0_P593Fg011_0.jpg,ux593_20190105/V=P593Fg001_0_P593Fg011_0.jpg
P593Fg004_0_P593Fg015_0,P593Fg004_P593Fg015,988,230,0.232793522,247,104,0.421052632,104,0.421052632,1,0.004048583,0,0,P593Fg004,1399,2862,1709,1,P593Fg015,1184,2802,1572,1,[],0,20,0.08097166,100,27,0.109311741,0.259615385,1,ux593_20190105/R=P593Fg004_0_P593Fg015_0.jpg,ux593_20190105/V=P593Fg004_0_P593Fg015_0.jpg
P593Fg002_1_P593Fg004_1,P593Fg002_P593Fg004,1040,589,0.566346154,247,133,0.538461538,133,0.538461538,1,0.004048583,0,0,P593Fg002,1264,2550,1609,1,P593Fg004,1399,2862,1709,1,[],0,20,0.08097166,100,26,0.105263158,0.195488722,1,ux593_20190105/R=P593Fg002_1_P593Fg004_1.jpg,ux593_20190105/V=P593Fg002_1_P593Fg004_1.jpg
P593Fg014_0_P593Fg017_0,P593Fg014_P593Fg017,416,166,0.399038462,104,61,0.586538462,61,0.586538462,1,0.009615385,0,0,P593Fg014,921,2906,1726,1,P593Fg017,912,3079,1875,1,[],0,20,0.192307692,50,20,0.192307692,0.327868852,1,ux593_20190105/R=P593Fg014_0_P593Fg017_0.jpg,ux593_20190105/V=P593Fg014_0_P593Fg017_0.jpg
P593Fg002_1_P593Fg011_0,P593Fg002_P593Fg011,640,297,0.4640625,160,91,0.56875,91,0.56875,1,0.00625,0,0,P593Fg002,1264,2550,1609,1,P593Fg011,1364,2824,1898,1,[],0,20,0.125,50,20,0.125,0.21978022,1,ux593_20190105/R=P593Fg002_1_P593Fg011_0.jpg,ux593_20190105/V=P593Fg002_1_P593Fg011_0.jpg
P593Fg003_0_P593Fg011_0,P593Fg003_P593Fg011,736,199,0.270380435,184,99,0.538043478,99,0.538043478,2,0.010869565,4,0.02173913,P593Fg003,1542,2531,1629,1,P593Fg011,1364,2824,1898,1,[],0,20,0.108695652,50,20,0.108695652,0.202020202,1,ux593_20190105/R=P593Fg003_0_P593Fg011_0.jpg,ux593_20190105/V=P593Fg003_0_P593Fg011_0.jpg
P593Fg003_1_P593Fg010_0,P593Fg003_P593Fg010,828,272,0.328502415,198,111,0.560606061,111,0.560606061,1,0.005050505,0,0,P593Fg003,1542,2531,1629,1,P593Fg010,1293,2911,1948,1,[],0,20,0.101010101,50,20,0.101010101,0.18018018,1,ux593_20190105/R=P593Fg003_1_P593Fg010_0.jpg,ux593_20190105/V=P593Fg003_1_P593Fg010_0.jpg
P593Fg016_0_P593Fg018_0,P593Fg016_P593Fg018,832,404,0.485576923,208,71,0.341346154,71,0.341346154,3,0.014423077,1,0.004807692,P593Fg016,1044,2842,1766,1,P593Fg018,979,3152,1684,1,[],0,20,0.096153846,50,20,0.096153846,0.281690141,1,ux593_20190105/R=P593Fg016_0_P593Fg018_0.jpg,ux593_20190105/V=P593Fg016_0_P593Fg018_0.jpg
P593Fg003_1_P593Fg015_1,P593Fg003_P593Fg015,1748,324,0.185354691,437,107,0.244851259,107,0.244851259,3,0.006864989,1,0.00228833,P593Fg003,1542,2531,1629,1,P593Fg015,1184,2802,1572,1,[],0,20,0.04576659,150,20,0.04576659,0.186915888,1,ux593_20190105/R=P593Fg003_1_P593Fg015_1.jpg,ux593_20190105/V=P593Fg003_1_P593Fg015_1.jpg
P593Fg015_0_P593Fg016_1,P593Fg015_P593Fg016,1216,545,0.448190789,304,105,0.345394737,105,0.345394737,1,0.003289474,0,0,P593Fg015,1184,2802,1572,1,P593Fg016,1044,2842,1766,1,[],0,19,0.0625,100,25,0.082236842,0.238095238,1,ux593_20190105/R=P593Fg015_0_P593Fg016_1.jpg,ux593_20190105/V=P593Fg015_0_P593Fg016_1.jpg
P593Fg003_0_P593Fg015_0,P593Fg003_P593Fg015,1748,324,0.185354691,399,114,0.285714286,114,0.285714286,1,0.002506266,0,0,P593Fg003,1542,2531,1629,1,P593Fg015,1184,2802,1572,1,[],0,19,0.047619048,100,25,0.062656642,0.219298246,1,ux593_20190105/R=P593Fg003_0_P593Fg015_0.jpg,ux593_20190105/V=P593Fg003_0_P593Fg015_0.jpg
P593Fg011_1_P593Fg018_1,P593Fg011_P593Fg018,416,245,0.588942308,104,75,0.721153846,75,0.721153846,1,0.009615385,0,0,P593Fg011,1364,2824,1898,1,P593Fg018,979,3152,1684,1,[],0,19,0.182692308,250,19,0.182692308,0.253333333,1,ux593_20190105/R=P593Fg011_1_P593Fg018_1.jpg,ux593_20190105/V=P593Fg011_1_P593Fg018_1.jpg
P593Fg013_0_P593Fg014_0,P593Fg013_P593Fg014,512,237,0.462890625,128,64,0.5,64,0.5,2,0.015625,3,0.0234375,P593Fg013,1270,3200,1525,1,P593Fg014,921,2906,1726,1,[],0,19,0.1484375,50,19,0.1484375,0.296875,1,ux593_20190105/R=P593Fg013_0_P593Fg014_0.jpg,ux593_20190105/V=P593Fg013_0_P593Fg014_0.jpg
P593Fg014_0_P593Fg015_0,P593Fg014_P593Fg015,608,78,0.128289474,152,56,0.368421053,56,0.368421053,1,0.006578947,0,0,P593Fg014,921,2906,1726,1,P593Fg015,1184,2802,1572,1,[],0,19,0.125,50,19,0.125,0.339285714,1,ux593_20190105/R=P593Fg014_0_P593Fg015_0.jpg,ux593_20190105/V=P593Fg014_0_P593Fg015_0.jpg
P593Fg011_1_P593Fg015_0,P593Fg011_P593Fg015,608,263,0.432565789,152,95,0.625,95,0.625,1,0.006578947,0,0,P593Fg011,1364,2824,1898,1,P593Fg015,1184,2802,1572,1,[],0,19,0.125,50,19,0.125,0.2,1,ux593_20190105/R=P593Fg011_1_P593Fg015_0.jpg,ux593_20190105/V=P593Fg011_1_P593Fg015_0.jpg
P593Fg011_0_P593Fg015_0,P593Fg011_P593Fg015,608,263,0.432565789,152,104,0.684210526,104,0.684210526,1,0.006578947,0,0,P593Fg011,1364,2824,1898,1,P593Fg015,1184,2802,1572,1,[],0,19,0.125,50,19,0.125,0.182692308,1,ux593_20190105/R=P593Fg011_0_P593Fg015_0.jpg,ux593_20190105/V=P593Fg011_0_P593Fg015_0.jpg
P593Fg016_0_P593Fg017_1,P593Fg016_P593Fg017,832,390,0.46875,208,94,0.451923077,94,0.451923077,1,0.004807692,0,0,P593Fg016,1044,2842,1766,1,P593Fg017,912,3079,1875,1,[],0,19,0.091346154,250,19,0.091346154,0.20212766,1,ux593_20190105/R=P593Fg016_0_P593Fg017_1.jpg,ux593_20190105/V=P593Fg016_0_P593Fg017_1.jpg
P593Fg016_1_P593Fg018_0,P593Fg016_P593Fg018,832,404,0.485576923,208,84,0.403846154,84,0.403846154,1,0.004807692,0,0,P593Fg016,1044,2842,1766,1,P593Fg018,979,3152,1684,1,[],0,19,0.091346154,50,19,0.091346154,0.226190476,1,ux593_20190105/R=P593Fg016_1_P593Fg018_0.jpg,ux593_20190105/V=P593Fg016_1_P593Fg018_0.jpg
P593Fg003_0_P593Fg017_0,P593Fg003_P593Fg017,1170,224,0.191452991,260,83,0.319230769,83,0.319230769,3,0.011538462,2,0.007692308,P593Fg003,1542,2531,1629,1,P593Fg017,912,3079,1875,1,[],0,19,0.073076923,50,19,0.073076923,0.228915663,1,ux593_20190105/R=P593Fg003_0_P593Fg017_0.jpg,ux593_20190105/V=P593Fg003_0_P593Fg017_0.jpg
P593Fg002_1_P593Fg017_0,P593Fg002_P593Fg017,1040,367,0.352884615,260,72,0.276923077,72,0.276923077,1,0.003846154,0,0,P593Fg002,1264,2550,1609,1,P593Fg017,912,3079,1875,1,[],0,19,0.073076923,50,19,0.073076923,0.263888889,1,ux593_20190105/R=P593Fg002_1_P593Fg017_0.jpg,ux593_20190105/V=P593Fg002_1_P593Fg017_0.jpg
P593Fg015_1_P593Fg016_1,P593Fg015_P593Fg016,1216,545,0.448190789,304,97,0.319078947,97,0.319078947,1,0.003289474,0,0,P593Fg015,1184,2802,1572,1,P593Fg016,1044,2842,1766,1,[],0,19,0.0625,50,19,0.0625,0.195876289,1,ux593_20190105/R=P593Fg015_1_P593Fg016_1.jpg,ux593_20190105/V=P593Fg015_1_P593Fg016_1.jpg
P593Fg002_0_P593Fg015_1,P593Fg002_P593Fg015,1520,461,0.303289474,361,62,0.171745152,62,0.171745152,1,0.002770083,0,0,P593Fg002,1264,2550,1609,1,P593Fg015,1184,2802,1572,1,[],0,19,0.052631579,50,19,0.052631579,0.306451613,1,ux593_20190105/R=P593Fg002_0_P593Fg015_1.jpg,ux593_20190105/V=P593Fg002_0_P593Fg015_1.jpg
P593Fg001_1_P593Fg017_1,P593Fg001_P593Fg017,2548,794,0.311616954,559,123,0.220035778,122,0.218246869,2,0.003577818,2,0.003577818,P593Fg001,2185,2136,1021,1,P593Fg017,912,3079,1875,1,[],0,18,0.032200358,100,23,0.041144902,0.18699187,1,ux593_20190105/R=P593Fg001_1_P593Fg017_1.jpg,ux593_20190105/V=P593Fg001_1_P593Fg017_1.jpg
P593Fg005_1_P593Fg010_0,P593Fg005_P593Fg010,270,159,0.588888889,81,52,0.641975309,52,0.641975309,1,0.012345679,0,0,P593Fg005,2099,2814,1994,1,P593Fg010,1293,2911,1948,1,[],0,18,0.222222222,50,18,0.222222222,0.346153846,1,ux593_20190105/R=P593Fg005_1_P593Fg010_0.jpg,ux593_20190105/V=P593Fg005_1_P593Fg010_0.jpg
P593Fg014_0_P593Fg017_1,P593Fg014_P593Fg017,416,166,0.399038462,104,49,0.471153846,49,0.471153846,1,0.009615385,0,0,P593Fg014,921,2906,1726,1,P593Fg017,912,3079,1875,1,[],0,18,0.173076923,50,18,0.173076923,0.367346939,1,ux593_20190105/R=P593Fg014_0_P593Fg017_1.jpg,ux593_20190105/V=P593Fg014_0_P593Fg017_1.jpg
P593Fg014_0_P593Fg018_1,P593Fg014_P593Fg018,416,124,0.298076923,104,49,0.471153846,49,0.471153846,1,0.009615385,0,0,P593Fg014,921,2906,1726,1,P593Fg018,979,3152,1684,1,[],0,18,0.173076923,50,18,0.173076923,0.367346939,1,ux593_20190105/R=P593Fg014_0_P593Fg018_1.jpg,ux593_20190105/V=P593Fg014_0_P593Fg018_1.jpg
P593Fg004_0_P593Fg010_0,P593Fg004_P593Fg010,468,211,0.450854701,117,67,0.572649573,67,0.572649573,2,0.017094017,2,0.017094017,P593Fg004,1399,2862,1709,1,P593Fg010,1293,2911,1948,1,[],0,18,0.153846154,50,18,0.153846154,0.268656716,1,ux593_20190105/R=P593Fg004_0_P593Fg010_0.jpg,ux593_20190105/V=P593Fg004_0_P593Fg010_0.jpg
P593Fg017_1_P593Fg018_0,P593Fg017_P593Fg018,676,302,0.446745562,169,50,0.295857988,50,0.295857988,1,0.00591716,0,0,P593Fg017,912,3079,1875,1,P593Fg018,979,3152,1684,1,[],0,18,0.106508876,50,18,0.106508876,0.36,1,ux593_20190105/R=P593Fg017_1_P593Fg018_0.jpg,ux593_20190105/V=P593Fg017_1_P593Fg018_0.jpg
P593Fg004_0_P593Fg017_0,P593Fg004_P593Fg017,676,196,0.289940828,169,70,0.414201183,70,0.414201183,2,0.01183432,1,0.00591716,P593Fg004,1399,2862,1709,1,P593Fg017,912,3079,1875,1,[],0,18,0.106508876,50,18,0.106508876,0.257142857,1,ux593_20190105/R=P593Fg004_0_P593Fg017_0.jpg,ux593_20190105/V=P593Fg004_0_P593Fg017_0.jpg
P593Fg003_0_P593Fg004_1,P593Fg003_P593Fg004,1196,571,0.477424749,299,125,0.418060201,125,0.418060201,1,0.003344482,0,0,P593Fg003,1542,2531,1629,1,P593Fg004,1399,2862,1709,1,[],0,18,0.060200669,150,18,0.060200669,0.144,1,ux593_20190105/R=P593Fg003_0_P593Fg004_1.jpg,ux593_20190105/V=P593Fg003_0_P593Fg004_1.jpg
P593Fg002_1_P593Fg016_1,P593Fg002_P593Fg016,1280,490,0.3828125,320,75,0.234375,75,0.234375,1,0.003125,0,0,P593Fg002,1264,2550,1609,1,P593Fg016,1044,2842,1766,1,[],0,18,0.05625,50,18,0.05625,0.24,1,ux593_20190105/R=P593Fg002_1_P593Fg016_1.jpg,ux593_20190105/V=P593Fg002_1_P593Fg016_1.jpg
P593Fg003_1_P593Fg016_0,P593Fg003_P593Fg016,1472,314,0.213315217,352,87,0.247159091,85,0.241477273,1,0.002840909,0,0,P593Fg003,1542,2531,1629,1,P593Fg016,1044,2842,1766,1,[],0,18,0.051136364,50,18,0.051136364,0.206896552,1,ux593_20190105/R=P593Fg003_1_P593Fg016_0.jpg,ux593_20190105/V=P593Fg003_1_P593Fg016_0.jpg
P593Fg001_1_P593Fg018_0,P593Fg001_P593Fg018,2548,970,0.380690738,559,145,0.259391771,143,0.255813953,1,0.001788909,0,0,P593Fg001,2185,2136,1021,1,P593Fg018,979,3152,1684,1,[],0,18,0.032200358,150,18,0.032200358,0.124137931,1,ux593_20190105/R=P593Fg001_1_P593Fg018_0.jpg,ux593_20190105/V=P593Fg001_1_P593Fg018_0.jpg
P593Fg001_0_P593Fg018_0,P593Fg001_P593Fg018,2548,970,0.380690738,715,241,0.337062937,241,0.337062937,2,0.002797203,6,0.008391608,P593Fg001,2185,2136,1021,1,P593Fg018,979,3152,1684,1,[],0,18,0.025174825,1750,18,0.025174825,0.074688797,1,ux593_20190105/R=P593Fg001_0_P593Fg018_0.jpg,ux593_20190105/V=P593Fg001_0_P593Fg018_0.jpg
P593Fg005_0_P593Fg011_0,P593Fg005_P593Fg011,240,137,0.570833333,48,39,0.8125,39,0.8125,2,0.041666667,1,0.020833333,P593Fg005,2099,2814,1994,1,P593Fg011,1364,2824,1898,1,[],0,17,0.354166667,100,22,0.458333333,0.564102564,1,ux593_20190105/R=P593Fg005_0_P593Fg011_0.jpg,ux593_20190105/V=P593Fg005_0_P593Fg011_0.jpg
P593Fg015_0_P593Fg018_0,P593Fg015_P593Fg018,988,436,0.441295547,247,97,0.392712551,97,0.392712551,1,0.004048583,0,0,P593Fg015,1184,2802,1572,1,P593Fg018,979,3152,1684,1,[],0,17,0.068825911,100,22,0.089068826,0.226804124,1,ux593_20190105/R=P593Fg015_0_P593Fg018_0.jpg,ux593_20190105/V=P593Fg015_0_P593Fg018_0.jpg
P593Fg005_1_P593Fg011_0,P593Fg005_P593Fg011,240,137,0.570833333,72,55,0.763888889,55,0.763888889,1,0.013888889,0,0,P593Fg005,2099,2814,1994,1,P593Fg011,1364,2824,1898,1,[],0,17,0.236111111,50,17,0.236111111,0.309090909,1,ux593_20190105/R=P593Fg005_1_P593Fg011_0.jpg,ux593_20190105/V=P593Fg005_1_P593Fg011_0.jpg
P593Fg011_1_P593Fg015_1,P593Fg011_P593Fg015,608,263,0.432565789,152,43,0.282894737,43,0.282894737,2,0.013157895,1,0.006578947,P593Fg011,1364,2824,1898,1,P593Fg015,1184,2802,1572,1,[],0,17,0.111842105,50,17,0.111842105,0.395348837,1,ux593_20190105/R=P593Fg011_1_P593Fg015_1.jpg,ux593_20190105/V=P593Fg011_1_P593Fg015_1.jpg
P593Fg017_0_P593Fg018_0,P593Fg017_P593Fg018,676,302,0.446745562,169,57,0.337278107,57,0.337278107,1,0.00591716,0,0,P593Fg017,912,3079,1875,1,P593Fg018,979,3152,1684,1,[],0,17,0.100591716,50,17,0.100591716,0.298245614,1,ux593_20190105/R=P593Fg017_0_P593Fg018_0.jpg,ux593_20190105/V=P593Fg017_0_P593Fg018_0.jpg
P593Fg013_1_P593Fg016_0,P593Fg013_P593Fg016,1024,275,0.268554688,240,67,0.279166667,67,0.279166667,1,0.004166667,0,0,P593Fg013,1270,3200,1525,1,P593Fg016,1044,2842,1766,1,[],0,17,0.070833333,50,17,0.070833333,0.253731343,1,ux593_20190105/R=P593Fg013_1_P593Fg016_0.jpg,ux593_20190105/V=P593Fg013_1_P593Fg016_0.jpg
P593Fg015_1_P593Fg018_0,P593Fg015_P593Fg018,988,436,0.441295547,247,75,0.303643725,75,0.303643725,1,0.004048583,0,0,P593Fg015,1184,2802,1572,1,P593Fg018,979,3152,1684,1,[],0,17,0.068825911,150,17,0.068825911,0.226666667,1,ux593_20190105/R=P593Fg015_1_P593Fg018_0.jpg,ux593_20190105/V=P593Fg015_1_P593Fg018_0.jpg
P593Fg002_0_P593Fg013_1,P593Fg002_P593Fg013,1280,206,0.1609375,320,66,0.20625,64,0.2,1,0.003125,0,0,P593Fg002,1264,2550,1609,1,P593Fg013,1270,3200,1525,1,[],0,17,0.053125,50,17,0.053125,0.257575758,1,ux593_20190105/R=P593Fg002_0_P593Fg013_1.jpg,ux593_20190105/V=P593Fg002_0_P593Fg013_1.jpg
P593Fg003_0_P593Fg015_1,P593Fg003_P593Fg015,1748,324,0.185354691,437,63,0.14416476,63,0.14416476,1,0.00228833,0,0,P593Fg003,1542,2531,1629,1,P593Fg015,1184,2802,1572,1,[],0,17,0.038901602,50,17,0.038901602,0.26984127,1,ux593_20190105/R=P593Fg003_0_P593Fg015_1.jpg,ux593_20190105/V=P593Fg003_0_P593Fg015_1.jpg
P593Fg005_0_P593Fg016_0,P593Fg005_P593Fg016,480,216,0.45,96,59,0.614583333,59,0.614583333,1,0.010416667,0,0,P593Fg005,2099,2814,1994,1,P593Fg016,1044,2842,1766,1,[],0,16,0.166666667,100,21,0.21875,0.355932203,1,ux593_20190105/R=P593Fg005_0_P593Fg016_0.jpg,ux593_20190105/V=P593Fg005_0_P593Fg016_0.jpg
P593Fg011_0_P593Fg017_0,P593Fg011_P593Fg017,416,259,0.622596154,104,65,0.625,65,0.625,1,0.009615385,0,0,P593Fg011,1364,2824,1898,1,P593Fg017,912,3079,1875,1,[],0,16,0.153846154,100,21,0.201923077,0.323076923,1,ux593_20190105/R=P593Fg011_0_P593Fg017_0.jpg,ux593_20190105/V=P593Fg011_0_P593Fg017_0.jpg
P593Fg011_1_P593Fg016_1,P593Fg011_P593Fg016,512,296,0.578125,128,58,0.453125,58,0.453125,1,0.0078125,0,0,P593Fg011,1364,2824,1898,1,P593Fg016,1044,2842,1766,1,[],0,16,0.125,100,20,0.15625,0.344827586,1,ux593_20190105/R=P593Fg011_1_P593Fg016_1.jpg,ux593_20190105/V=P593Fg011_1_P593Fg016_1.jpg
P593Fg002_1_P593Fg015_1,P593Fg002_P593Fg015,1520,461,0.303289474,361,108,0.299168975,108,0.299168975,3,0.008310249,1,0.002770083,P593Fg002,1264,2550,1609,1,P593Fg015,1184,2802,1572,1,[],0,16,0.04432133,100,20,0.055401662,0.185185185,1,ux593_20190105/R=P593Fg002_1_P593Fg015_1.jpg,ux593_20190105/V=P593Fg002_1_P593Fg015_1.jpg
P593Fg012_0_P593Fg014_1,P593Fg012_P593Fg014,192,113,0.588541667,48,37,0.770833333,37,0.770833333,1,0.020833333,0,0,P593Fg012,1045,3308,2022,1,P593Fg014,921,2906,1726,1,[],0,16,0.333333333,50,16,0.333333333,0.432432432,1,ux593_20190105/R=P593Fg012_0_P593Fg014_1.jpg,ux593_20190105/V=P593Fg012_0_P593Fg014_1.jpg
P593Fg013_1_P593Fg014_1,P593Fg013_P593Fg014,512,237,0.462890625,128,64,0.5,64,0.5,3,0.0234375,3,0.0234375,P593Fg013,1270,3200,1525,1,P593Fg014,921,2906,1726,1,[],0,16,0.125,150,16,0.125,0.25,1,ux593_20190105/R=P593Fg013_1_P593Fg014_1.jpg,ux593_20190105/V=P593Fg013_1_P593Fg014_1.jpg
P593Fg010_1_P593Fg016_0,P593Fg010_P593Fg016,576,140,0.243055556,144,43,0.298611111,43,0.298611111,1,0.006944444,0,0,P593Fg010,1293,2911,1948,1,P593Fg016,1044,2842,1766,1,[],0,16,0.111111111,50,16,0.111111111,0.372093023,1,ux593_20190105/R=P593Fg010_1_P593Fg016_0.jpg,ux593_20190105/V=P593Fg010_1_P593Fg016_0.jpg
P593Fg004_1_P593Fg015_0,P593Fg004_P593Fg015,988,230,0.232793522,247,56,0.226720648,55,0.222672065,1,0.004048583,0,0,P593Fg004,1399,2862,1709,1,P593Fg015,1184,2802,1572,1,[],0,16,0.064777328,50,16,0.064777328,0.285714286,1,ux593_20190105/R=P593Fg004_1_P593Fg015_0.jpg,ux593_20190105/V=P593Fg004_1_P593Fg015_0.jpg
P593Fg015_1_P593Fg017_1,P593Fg015_P593Fg017,988,414,0.41902834,247,66,0.267206478,66,0.267206478,2,0.008097166,2,0.008097166,P593Fg015,1184,2802,1572,1,P593Fg017,912,3079,1875,1,[],0,16,0.064777328,150,16,0.064777328,0.242424242,1,ux593_20190105/R=P593Fg015_1_P593Fg017_1.jpg,ux593_20190105/V=P593Fg015_1_P593Fg017_1.jpg
P593Fg002_0_P593Fg018_0,P593Fg002_P593Fg018,1040,387,0.372115385,260,81,0.311538462,81,0.311538462,2,0.007692308,1,0.003846154,P593Fg002,1264,2550,1609,1,P593Fg018,979,3152,1684,1,[],0,16,0.061538462,50,16,0.061538462,0.197530864,1,ux593_20190105/R=P593Fg002_0_P593Fg018_0.jpg,ux593_20190105/V=P593Fg002_0_P593Fg018_0.jpg
P593Fg001_1_P593Fg011_1,P593Fg001_P593Fg011,1568,722,0.460459184,344,78,0.226744186,77,0.223837209,3,0.00872093,4,0.011627907,P593Fg001,2185,2136,1021,1,P593Fg011,1364,2824,1898,1,[],0,16,0.046511628,50,16,0.046511628,0.205128205,1,ux593_20190105/R=P593Fg001_1_P593Fg011_1.jpg,ux593_20190105/V=P593Fg001_1_P593Fg011_1.jpg
P593Fg001_1_P593Fg016_1,P593Fg001_P593Fg016,3136,1163,0.370854592,688,134,0.194767442,133,0.193313953,2,0.002906977,0,0,P593Fg001,2185,2136,1021,1,P593Fg016,1044,2842,1766,1,[],0,16,0.023255814,50,16,0.023255814,0.119402985,1,ux593_20190105/R=P593Fg001_1_P593Fg016_1.jpg,ux593_20190105/V=P593Fg001_1_P593Fg016_1.jpg
P593Fg005_1_P593Fg017_0,P593Fg005_P593Fg017,390,194,0.497435897,117,62,0.52991453,62,0.52991453,1,0.008547009,0,0,P593Fg005,2099,2814,1994,1,P593Fg017,912,3079,1875,1,[],0,15,0.128205128,150,24,0.205128205,0.387096774,1,ux593_20190105/R=P593Fg005_1_P593Fg017_0.jpg,ux593_20190105/V=P593Fg005_1_P593Fg017_0.jpg
P593Fg011_1_P593Fg017_0,P593Fg011_P593Fg017,416,259,0.622596154,104,66,0.634615385,66,0.634615385,1,0.009615385,0,0,P593Fg011,1364,2824,1898,1,P593Fg017,912,3079,1875,1,[],0,15,0.144230769,100,20,0.192307692,0.303030303,1,ux593_20190105/R=P593Fg011_1_P593Fg017_0.jpg,ux593_20190105/V=P593Fg011_1_P593Fg017_0.jpg
P593Fg011_0_P593Fg016_1,P593Fg011_P593Fg016,512,296,0.578125,128,53,0.4140625,53,0.4140625,1,0.0078125,0,0,P593Fg011,1364,2824,1898,1,P593Fg016,1044,2842,1766,1,[],0,15,0.1171875,100,20,0.15625,0.377358491,1,ux593_20190105/R=P593Fg011_0_P593Fg016_1.jpg,ux593_20190105/V=P593Fg011_0_P593Fg016_1.jpg
P593Fg005_0_P593Fg010_0,P593Fg005_P593Fg010,270,159,0.588888889,54,37,0.685185185,37,0.685185185,2,0.037037037,1,0.018518519,P593Fg005,2099,2814,1994,1,P593Fg010,1293,2911,1948,1,[],0,15,0.277777778,100,19,0.351851852,0.513513514,1,ux593_20190105/R=P593Fg005_0_P593Fg010_0.jpg,ux593_20190105/V=P593Fg005_0_P593Fg010_0.jpg
P593Fg005_0_P593Fg018_1,P593Fg005_P593Fg018,390,186,0.476923077,78,46,0.58974359,46,0.58974359,1,0.012820513,0,0,P593Fg005,2099,2814,1994,1,P593Fg018,979,3152,1684,1,[],0,15,0.192307692,100,19,0.243589744,0.413043478,1,ux593_20190105/R=P593Fg005_0_P593Fg018_1.jpg,ux593_20190105/V=P593Fg005_0_P593Fg018_1.jpg
P593Fg013_0_P593Fg016_1,P593Fg013_P593Fg016,1024,275,0.268554688,256,58,0.2265625,58,0.2265625,1,0.00390625,0,0,P593Fg013,1270,3200,1525,1,P593Fg016,1044,2842,1766,1,[],0,15,0.05859375,250,19,0.07421875,0.327586207,1,ux593_20190105/R=P593Fg013_0_P593Fg016_1.jpg,ux593_20190105/V=P593Fg013_0_P593Fg016_1.jpg
P593Fg012_1_P593Fg014_1,P593Fg012_P593Fg014,192,113,0.588541667,48,31,0.645833333,31,0.645833333,2,0.041666667,1,0.020833333,P593Fg012,1045,3308,2022,1,P593Fg014,921,2906,1726,1,[],0,15,0.3125,50,15,0.3125,0.483870968,1,ux593_20190105/R=P593Fg012_1_P593Fg014_1.jpg,ux593_20190105/V=P593Fg012_1_P593Fg014_1.jpg
P593Fg011_1_P593Fg018_0,P593Fg011_P593Fg018,416,245,0.588942308,104,48,0.461538462,48,0.461538462,1,0.009615385,0,0,P593Fg011,1364,2824,1898,1,P593Fg018,979,3152,1684,1,[],0,15,0.144230769,150,15,0.144230769,0.3125,1,ux593_20190105/R=P593Fg011_1_P593Fg018_0.jpg,ux593_20190105/V=P593Fg011_1_P593Fg018_0.jpg
P593Fg010_1_P593Fg017_1,P593Fg010_P593Fg017,442,112,0.253393665,117,26,0.222222222,26,0.222222222,3,0.025641026,1,0.008547009,P593Fg010,1293,2911,1948,1,P593Fg017,912,3079,1875,1,[],0,15,0.128205128,50,15,0.128205128,0.576923077,1,ux593_20190105/R=P593Fg010_1_P593Fg017_1.jpg,ux593_20190105/V=P593Fg010_1_P593Fg017_1.jpg
P593Fg005_1_P593Fg013_0,P593Fg005_P593Fg013,480,119,0.247916667,144,36,0.25,35,0.243055556,1,0.006944444,0,0,P593Fg005,2099,2814,1994,1,P593Fg013,1270,3200,1525,1,[],0,15,0.104166667,50,15,0.104166667,0.416666667,1,ux593_20190105/R=P593Fg005_1_P593Fg013_0.jpg,ux593_20190105/V=P593Fg005_1_P593Fg013_0.jpg
P593Fg002_0_P593Fg011_1,P593Fg002_P593Fg011,640,297,0.4640625,160,62,0.3875,62,0.3875,1,0.00625,0,0,P593Fg002,1264,2550,1609,1,P593Fg011,1364,2824,1898,1,[],0,15,0.09375,50,15,0.09375,0.241935484,1,ux593_20190105/R=P593Fg002_0_P593Fg011_1.jpg,ux593_20190105/V=P593Fg002_0_P593Fg011_1.jpg
P593Fg004_1_P593Fg018_1,P593Fg004_P593Fg018,676,219,0.323964497,169,56,0.331360947,56,0.331360947,1,0.00591716,0,0,P593Fg004,1399,2862,1709,1,P593Fg018,979,3152,1684,1,[],0,15,0.088757396,50,15,0.088757396,0.267857143,1,ux593_20190105/R=P593Fg004_1_P593Fg018_1.jpg,ux593_20190105/V=P593Fg004_1_P593Fg018_1.jpg
P593Fg013_1_P593Fg015_0,P593Fg013_P593Fg015,1216,269,0.221217105,304,78,0.256578947,78,0.256578947,1,0.003289474,0,0,P593Fg013,1270,3200,1525,1,P593Fg015,1184,2802,1572,1,[],0,15,0.049342105,50,15,0.049342105,0.192307692,1,ux593_20190105/R=P593Fg013_1_P593Fg015_0.jpg,ux593_20190105/V=P593Fg013_1_P593Fg015_0.jpg
P593Fg002_0_P593Fg013_0,P593Fg002_P593Fg013,1280,206,0.1609375,320,58,0.18125,58,0.18125,1,0.003125,0,0,P593Fg002,1264,2550,1609,1,P593Fg013,1270,3200,1525,1,[],0,15,0.046875,50,15,0.046875,0.25862069,1,ux593_20190105/R=P593Fg002_0_P593Fg013_0.jpg,ux593_20190105/V=P593Fg002_0_P593Fg013_0.jpg
P593Fg001_0_P593Fg011_1,P593Fg001_P593Fg011,1568,722,0.460459184,440,178,0.404545455,178,0.404545455,1,0.002272727,0,0,P593Fg001,2185,2136,1021,1,P593Fg011,1364,2824,1898,1,[],0,15,0.034090909,50,15,0.034090909,0.084269663,1,ux593_20190105/R=P593Fg001_0_P593Fg011_1.jpg,ux593_20190105/V=P593Fg001_0_P593Fg011_1.jpg
P593Fg001_1_P593Fg017_0,P593Fg001_P593Fg017,2548,794,0.311616954,520,109,0.209615385,109,0.209615385,1,0.001923077,0,0,P593Fg001,2185,2136,1021,1,P593Fg017,912,3079,1875,1,[],0,15,0.028846154,50,15,0.028846154,0.137614679,1,ux593_20190105/R=P593Fg001_1_P593Fg017_0.jpg,ux593_20190105/V=P593Fg001_1_P593Fg017_0.jpg
P593Fg011_0_P593Fg018_0,P593Fg011_P593Fg018,416,245,0.588942308,104,48,0.461538462,48,0.461538462,1,0.009615385,0,0,P593Fg011,1364,2824,1898,1,P593Fg018,979,3152,1684,1,[],0,14,0.134615385,200,19,0.182692308,0.395833333,1,ux593_20190105/R=P593Fg011_0_P593Fg018_0.jpg,ux593_20190105/V=P593Fg011_0_P593Fg018_0.jpg
P593Fg002_1_P593Fg018_0,P593Fg002_P593Fg018,1040,387,0.372115385,260,68,0.261538462,68,0.261538462,1,0.003846154,0,0,P593Fg002,1264,2550,1609,1,P593Fg018,979,3152,1684,1,[],0,14,0.053846154,100,19,0.073076923,0.279411765,1,ux593_20190105/R=P593Fg002_1_P593Fg018_0.jpg,ux593_20190105/V=P593Fg002_1_P593Fg018_0.jpg
P593Fg004_0_P593Fg010_1,P593Fg004_P593Fg010,468,211,0.450854701,117,39,0.333333333,39,0.333333333,1,0.008547009,0,0,P593Fg004,1399,2862,1709,1,P593Fg010,1293,2911,1948,1,[],0,14,0.11965812,100,18,0.153846154,0.461538462,1,ux593_20190105/R=P593Fg004_0_P593Fg010_1.jpg,ux593_20190105/V=P593Fg004_0_P593Fg010_1.jpg
P593Fg005_1_P593Fg015_1,P593Fg005_P593Fg015,570,203,0.356140351,152,42,0.276315789,42,0.276315789,1,0.006578947,0,0,P593Fg005,2099,2814,1994,1,P593Fg015,1184,2802,1572,1,[],0,14,0.092105263,100,18,0.118421053,0.428571429,1,ux593_20190105/R=P593Fg005_1_P593Fg015_1.jpg,ux593_20190105/V=P593Fg005_1_P593Fg015_1.jpg
P593Fg005_0_P593Fg018_0,P593Fg005_P593Fg018,390,186,0.476923077,78,27,0.346153846,27,0.346153846,1,0.012820513,0,0,P593Fg005,2099,2814,1994,1,P593Fg018,979,3152,1684,1,[],0,14,0.179487179,50,14,0.179487179,0.518518519,1,ux593_20190105/R=P593Fg005_0_P593Fg018_0.jpg,ux593_20190105/V=P593Fg005_0_P593Fg018_0.jpg
P593Fg010_0_P593Fg016_0,P593Fg010_P593Fg016,576,140,0.243055556,144,50,0.347222222,50,0.347222222,1,0.006944444,0,0,P593Fg010,1293,2911,1948,1,P593Fg016,1044,2842,1766,1,[],0,14,0.097222222,50,14,0.097222222,0.28,1,ux593_20190105/R=P593Fg010_0_P593Fg016_0.jpg,ux593_20190105/V=P593Fg010_0_P593Fg016_0.jpg
P593Fg002_0_P593Fg010_1,P593Fg002_P593Fg010,720,365,0.506944444,180,60,0.333333333,60,0.333333333,1,0.005555556,0,0,P593Fg002,1264,2550,1609,1,P593Fg010,1293,2911,1948,1,[],0,14,0.077777778,200,14,0.077777778,0.233333333,1,ux593_20190105/R=P593Fg002_0_P593Fg010_1.jpg,ux593_20190105/V=P593Fg002_0_P593Fg010_1.jpg
P593Fg013_1_P593Fg017_0,P593Fg013_P593Fg017,832,369,0.443509615,208,75,0.360576923,75,0.360576923,1,0.004807692,0,0,P593Fg013,1270,3200,1525,1,P593Fg017,912,3079,1875,1,[],0,14,0.067307692,50,14,0.067307692,0.186666667,1,ux593_20190105/R=P593Fg013_1_P593Fg017_0.jpg,ux593_20190105/V=P593Fg013_1_P593Fg017_0.jpg
P593Fg001_0_P593Fg010_1,P593Fg001_P593Fg010,1764,836,0.473922902,495,162,0.327272727,162,0.327272727,1,0.002020202,0,0,P593Fg001,2185,2136,1021,1,P593Fg010,1293,2911,1948,1,[],0,14,0.028282828,50,14,0.028282828,0.086419753,1,ux593_20190105/R=P593Fg001_0_P593Fg010_1.jpg,ux593_20190105/V=P593Fg001_0_P593Fg010_1.jpg
P593Fg001_0_P593Fg013_0,P593Fg001_P593Fg013,3104,375,0.120811856,880,149,0.169318182,149,0.169318182,2,0.002272727,0,0,P593Fg001,2185,2136,1021,1,P593Fg013,1270,3200,1525,1,[],0,14,0.015909091,50,14,0.015909091,0.093959732,1,ux593_20190105/R=P593Fg001_0_P593Fg013_0.jpg,ux593_20190105/V=P593Fg001_0_P593Fg013_0.jpg
P593Fg001_0_P593Fg013_1,P593Fg001_P593Fg013,3104,375,0.120811856,880,133,0.151136364,126,0.143181818,1,0.001136364,0,0,P593Fg001,2185,2136,1021,1,P593Fg013,1270,3200,1525,1,[],0,14,0.015909091,50,14,0.015909091,0.105263158,1,ux593_20190105/R=P593Fg001_0_P593Fg013_1.jpg,ux593_20190105/V=P593Fg001_0_P593Fg013_1.jpg
P593Fg014_0_P593Fg016_0,P593Fg014_P593Fg016,512,65,0.126953125,128,35,0.2734375,35,0.2734375,1,0.0078125,0,0,P593Fg014,921,2906,1726,1,P593Fg016,1044,2842,1766,1,[],0,13,0.1015625,100,17,0.1328125,0.485714286,1,ux593_20190105/R=P593Fg014_0_P593Fg016_0.jpg,ux593_20190105/V=P593Fg014_0_P593Fg016_0.jpg
P593Fg004_1_P593Fg017_1,P593Fg004_P593Fg017,676,196,0.289940828,156,33,0.211538462,33,0.211538462,1,0.006410256,0,0,P593Fg004,1399,2862,1709,1,P593Fg017,912,3079,1875,1,[],0,13,0.083333333,100,17,0.108974359,0.515151515,1,ux593_20190105/R=P593Fg004_1_P593Fg017_1.jpg,ux593_20190105/V=P593Fg004_1_P593Fg017_1.jpg
P593Fg015_1_P593Fg017_0,P593Fg015_P593Fg017,988,414,0.41902834,247,54,0.218623482,54,0.218623482,1,0.004048583,0,0,P593Fg015,1184,2802,1572,1,P593Fg017,912,3079,1875,1,[],0,13,0.052631579,100,17,0.068825911,0.314814815,1,ux593_20190105/R=P593Fg015_1_P593Fg017_0.jpg,ux593_20190105/V=P593Fg015_1_P593Fg017_0.jpg
P593Fg005_0_P593Fg010_1,P593Fg005_P593Fg010,270,159,0.588888889,54,31,0.574074074,31,0.574074074,1,0.018518519,0,0,P593Fg005,2099,2814,1994,1,P593Fg010,1293,2911,1948,1,[],0,13,0.240740741,100,16,0.296296296,0.516129032,1,ux593_20190105/R=P593Fg005_0_P593Fg010_1.jpg,ux593_20190105/V=P593Fg005_0_P593Fg010_1.jpg
P593Fg012_0_P593Fg013_1,P593Fg012_P593Fg013,384,132,0.34375,96,45,0.46875,45,0.46875,2,0.020833333,0,0,P593Fg012,1045,3308,2022,1,P593Fg013,1270,3200,1525,1,[],0,13,0.135416667,50,13,0.135416667,0.288888889,1,ux593_20190105/R=P593Fg012_0_P593Fg013_1.jpg,ux593_20190105/V=P593Fg012_0_P593Fg013_1.jpg
P593Fg014_0_P593Fg018_0,P593Fg014_P593Fg018,416,124,0.298076923,104,32,0.307692308,32,0.307692308,2,0.019230769,1,0.009615385,P593Fg014,921,2906,1726,1,P593Fg018,979,3152,1684,1,[],0,13,0.125,50,13,0.125,0.40625,1,ux593_20190105/R=P593Fg014_0_P593Fg018_0.jpg,ux593_20190105/V=P593Fg014_0_P593Fg018_0.jpg
P593Fg010_0_P593Fg018_1,P593Fg010_P593Fg018,468,127,0.271367521,117,46,0.393162393,45,0.384615385,1,0.008547009,0,0,P593Fg010,1293,2911,1948,1,P593Fg018,979,3152,1684,1,[],0,13,0.111111111,150,13,0.111111111,0.282608696,1,ux593_20190105/R=P593Fg010_0_P593Fg018_1.jpg,ux593_20190105/V=P593Fg010_0_P593Fg018_1.jpg
P593Fg011_0_P593Fg013_0,P593Fg011_P593Fg013,512,145,0.283203125,128,37,0.2890625,37,0.2890625,1,0.0078125,0,0,P593Fg011,1364,2824,1898,1,P593Fg013,1270,3200,1525,1,[],0,13,0.1015625,50,13,0.1015625,0.351351351,1,ux593_20190105/R=P593Fg011_0_P593Fg013_0.jpg,ux593_20190105/V=P593Fg011_0_P593Fg013_0.jpg
P593Fg002_1_P593Fg010_1,P593Fg002_P593Fg010,720,365,0.506944444,180,48,0.266666667,48,0.266666667,2,0.011111111,2,0.011111111,P593Fg002,1264,2550,1609,1,P593Fg010,1293,2911,1948,1,[],0,13,0.072222222,50,13,0.072222222,0.270833333,1,ux593_20190105/R=P593Fg002_1_P593Fg010_1.jpg,ux593_20190105/V=P593Fg002_1_P593Fg010_1.jpg
P593Fg004_1_P593Fg015_1,P593Fg004_P593Fg015,988,230,0.232793522,228,57,0.25,57,0.25,2,0.00877193,1,0.004385965,P593Fg004,1399,2862,1709,1,P593Fg015,1184,2802,1572,1,[],0,13,0.057017544,50,13,0.057017544,0.228070175,1,ux593_20190105/R=P593Fg004_1_P593Fg015_1.jpg,ux593_20190105/V=P593Fg004_1_P593Fg015_1.jpg
P593Fg013_1_P593Fg018_1,P593Fg013_P593Fg018,832,291,0.349759615,195,64,0.328205128,64,0.328205128,2,0.01025641,2,0.01025641,P593Fg013,1270,3200,1525,1,P593Fg018,979,3152,1684,1,[],0,12,0.061538462,300,24,0.123076923,0.375,1,ux593_20190105/R=P593Fg013_1_P593Fg018_1.jpg,ux593_20190105/V=P593Fg013_1_P593Fg018_1.jpg
P593Fg009_1_P593Fg011_0,P593Fg009_P593Fg011,128,79,0.6171875,32,28,0.875,28,0.875,1,0.03125,0,0,P593Fg009,929,2794,1838,0,P593Fg011,1364,2824,1898,1,[],0,12,0.375,100,16,0.5,0.571428571,1,ux593_20190105/R=P593Fg009_1_P593Fg011_0.jpg,ux593_20190105/V=P593Fg009_1_P593Fg011_0.jpg
P593Fg005_1_P593Fg009_0,P593Fg005_P593Fg009,120,74,0.616666667,36,25,0.694444444,25,0.694444444,1,0.027777778,0,0,P593Fg005,2099,2814,1994,1,P593Fg009,929,2794,1838,0,[],0,12,0.333333333,100,16,0.444444444,0.64,1,ux593_20190105/R=P593Fg005_1_P593Fg009_0.jpg,ux593_20190105/V=P593Fg005_1_P593Fg009_0.jpg
P593Fg004_0_P593Fg009_0,P593Fg004_P593Fg009,208,68,0.326923077,52,31,0.596153846,31,0.596153846,1,0.019230769,0,0,P593Fg004,1399,2862,1709,1,P593Fg009,929,2794,1838,0,[],0,12,0.230769231,100,16,0.307692308,0.516129032,1,ux593_20190105/R=P593Fg004_0_P593Fg009_0.jpg,ux593_20190105/V=P593Fg004_0_P593Fg009_0.jpg
P593Fg004_1_P593Fg011_0,P593Fg004_P593Fg011,416,162,0.389423077,104,43,0.413461538,43,0.413461538,1,0.009615385,0,0,P593Fg004,1399,2862,1709,1,P593Fg011,1364,2824,1898,1,[],0,12,0.115384615,100,16,0.153846154,0.372093023,1,ux593_20190105/R=P593Fg004_1_P593Fg011_0.jpg,ux593_20190105/V=P593Fg004_1_P593Fg011_0.jpg
P593Fg004_0_P593Fg016_1,P593Fg004_P593Fg016,832,253,0.304086538,208,48,0.230769231,48,0.230769231,2,0.009615385,0,0,P593Fg004,1399,2862,1709,1,P593Fg016,1044,2842,1766,1,[],0,12,0.057692308,100,16,0.076923077,0.333333333,1,ux593_20190105/R=P593Fg004_0_P593Fg016_1.jpg,ux593_20190105/V=P593Fg004_0_P593Fg016_1.jpg
P593Fg012_0_P593Fg017_0,P593Fg012_P593Fg017,312,81,0.259615385,78,33,0.423076923,33,0.423076923,3,0.038461538,1,0.012820513,P593Fg012,1045,3308,2022,1,P593Fg017,912,3079,1875,1,[],0,12,0.153846154,100,15,0.192307692,0.454545455,1,ux593_20190105/R=P593Fg012_0_P593Fg017_0.jpg,ux593_20190105/V=P593Fg012_0_P593Fg017_0.jpg
P593Fg009_1_P593Fg017_1,P593Fg009_P593Fg017,208,133,0.639423077,52,34,0.653846154,34,0.653846154,1,0.019230769,0,0,P593Fg009,929,2794,1838,0,P593Fg017,912,3079,1875,1,[],0,12,0.230769231,50,12,0.230769231,0.352941176,1,ux593_20190105/R=P593Fg009_1_P593Fg017_1.jpg,ux593_20190105/V=P593Fg009_1_P593Fg017_1.jpg
P593Fg009_0_P593Fg018_1,P593Fg009_P593Fg018,208,100,0.480769231,52,34,0.653846154,34,0.653846154,1,0.019230769,0,0,P593Fg009,929,2794,1838,0,P593Fg018,979,3152,1684,1,[],0,12,0.230769231,150,12,0.230769231,0.352941176,1,ux593_20190105/R=P593Fg009_0_P593Fg018_1.jpg,ux593_20190105/V=P593Fg009_0_P593Fg018_1.jpg
P593Fg009_0_P593Fg016_0,P593Fg009_P593Fg016,256,99,0.38671875,64,33,0.515625,33,0.515625,1,0.015625,0,0,P593Fg009,929,2794,1838,0,P593Fg016,1044,2842,1766,1,[],0,12,0.1875,150,12,0.1875,0.363636364,1,ux593_20190105/R=P593Fg009_0_P593Fg016_0.jpg,ux593_20190105/V=P593Fg009_0_P593Fg016_0.jpg
P593Fg009_1_P593Fg016_0,P593Fg009_P593Fg016,256,99,0.38671875,64,27,0.421875,27,0.421875,1,0.015625,0,0,P593Fg009,929,2794,1838,0,P593Fg016,1044,2842,1766,1,[],0,12,0.1875,50,12,0.1875,0.444444444,1,ux593_20190105/R=P593Fg009_1_P593Fg016_0.jpg,ux593_20190105/V=P593Fg009_1_P593Fg016_0.jpg
P593Fg010_1_P593Fg011_0,P593Fg010_P593Fg011,288,84,0.291666667,72,25,0.347222222,25,0.347222222,1,0.013888889,0,0,P593Fg010,1293,2911,1948,1,P593Fg011,1364,2824,1898,1,[],0,12,0.166666667,50,12,0.166666667,0.48,1,ux593_20190105/R=P593Fg010_1_P593Fg011_0.jpg,ux593_20190105/V=P593Fg010_1_P593Fg011_0.jpg
P593Fg009_0_P593Fg015_0,P593Fg009_P593Fg015,304,89,0.292763158,76,50,0.657894737,50,0.657894737,1,0.013157895,0,0,P593Fg009,929,2794,1838,0,P593Fg015,1184,2802,1572,1,[],0,12,0.157894737,150,12,0.157894737,0.24,1,ux593_20190105/R=P593Fg009_0_P593Fg015_0.jpg,ux593_20190105/V=P593Fg009_0_P593Fg015_0.jpg
P593Fg005_0_P593Fg017_1,P593Fg005_P593Fg017,390,194,0.497435897,78,37,0.474358974,37,0.474358974,1,0.012820513,0,0,P593Fg005,2099,2814,1994,1,P593Fg017,912,3079,1875,1,[],0,12,0.153846154,50,12,0.153846154,0.324324324,1,ux593_20190105/R=P593Fg005_0_P593Fg017_1.jpg,ux593_20190105/V=P593Fg005_0_P593Fg017_1.jpg
P593Fg014_1_P593Fg017_0,P593Fg014_P593Fg017,416,166,0.399038462,78,30,0.384615385,30,0.384615385,1,0.012820513,0,0,P593Fg014,921,2906,1726,1,P593Fg017,912,3079,1875,1,[],0,12,0.153846154,50,12,0.153846154,0.4,1,ux593_20190105/R=P593Fg014_1_P593Fg017_0.jpg,ux593_20190105/V=P593Fg014_1_P593Fg017_0.jpg
P593Fg003_0_P593Fg009_0,P593Fg003_P593Fg009,336,69,0.205357143,80,40,0.5,40,0.5,1,0.0125,0,0,P593Fg003,1542,2531,1629,1,P593Fg009,929,2794,1838,0,[],0,12,0.15,50,12,0.15,0.3,1,ux593_20190105/R=P593Fg003_0_P593Fg009_0.jpg,ux593_20190105/V=P593Fg003_0_P593Fg009_0.jpg
P593Fg002_0_P593Fg009_0,P593Fg002_P593Fg009,320,138,0.43125,80,45,0.5625,45,0.5625,1,0.0125,0,0,P593Fg002,1264,2550,1609,1,P593Fg009,929,2794,1838,0,[],0,12,0.15,150,12,0.15,0.266666667,1,ux593_20190105/R=P593Fg002_0_P593Fg009_0.jpg,ux593_20190105/V=P593Fg002_0_P593Fg009_0.jpg
P593Fg010_0_P593Fg017_1,P593Fg010_P593Fg017,442,112,0.253393665,104,30,0.288461538,30,0.288461538,1,0.009615385,0,0,P593Fg010,1293,2911,1948,1,P593Fg017,912,3079,1875,1,[],0,12,0.115384615,50,12,0.115384615,0.4,1,ux593_20190105/R=P593Fg010_0_P593Fg017_1.jpg,ux593_20190105/V=P593Fg010_0_P593Fg017_1.jpg
P593Fg005_1_P593Fg016_1,P593Fg005_P593Fg016,480,216,0.45,144,47,0.326388889,47,0.326388889,1,0.006944444,0,0,P593Fg005,2099,2814,1994,1,P593Fg016,1044,2842,1766,1,[],0,12,0.083333333,50,12,0.083333333,0.255319149,1,ux593_20190105/R=P593Fg005_1_P593Fg016_1.jpg,ux593_20190105/V=P593Fg005_1_P593Fg016_1.jpg
P593Fg001_0_P593Fg009_0,P593Fg001_P593Fg009,776,265,0.341494845,220,116,0.527272727,116,0.527272727,1,0.004545455,0,0,P593Fg001,2185,2136,1021,1,P593Fg009,929,2794,1838,0,[],0,12,0.054545455,50,12,0.054545455,0.103448276,1,ux593_20190105/R=P593Fg001_0_P593Fg009_0.jpg,ux593_20190105/V=P593Fg001_0_P593Fg009_0.jpg
P593Fg003_0_P593Fg013_1,P593Fg003_P593Fg013,1344,104,0.077380952,320,50,0.15625,49,0.153125,2,0.00625,0,0,P593Fg003,1542,2531,1629,1,P593Fg013,1270,3200,1525,1,[],0,12,0.0375,50,12,0.0375,0.24,1,ux593_20190105/R=P593Fg003_0_P593Fg013_1.jpg,ux593_20190105/V=P593Fg003_0_P593Fg013_1.jpg
P593Fg001_1_P593Fg013_0,P593Fg001_P593Fg013,3104,375,0.120811856,640,54,0.084375,49,0.0765625,1,0.0015625,0,0,P593Fg001,2185,2136,1021,1,P593Fg013,1270,3200,1525,1,[],0,12,0.01875,50,12,0.01875,0.222222222,1,ux593_20190105/R=P593Fg001_1_P593Fg013_0.jpg,ux593_20190105/V=P593Fg001_1_P593Fg013_0.jpg
P593Fg010_0_P593Fg015_0,P593Fg010_P593Fg015,684,125,0.182748538,171,48,0.280701754,48,0.280701754,1,0.005847953,0,0,P593Fg010,1293,2911,1948,1,P593Fg015,1184,2802,1572,1,[],0,11,0.064327485,600,22,0.128654971,0.458333333,1,ux593_20190105/R=P593Fg010_0_P593Fg015_0.jpg,ux593_20190105/V=P593Fg010_0_P593Fg015_0.jpg
P593Fg005_0_P593Fg017_0,P593Fg005_P593Fg017,390,194,0.497435897,78,39,0.5,39,0.5,1,0.012820513,0,0,P593Fg005,2099,2814,1994,1,P593Fg017,912,3079,1875,1,[],0,11,0.141025641,100,15,0.192307692,0.384615385,1,ux593_20190105/R=P593Fg005_0_P593Fg017_0.jpg,ux593_20190105/V=P593Fg005_0_P593Fg017_0.jpg
P593Fg002_0_P593Fg005_1,P593Fg002_P593Fg005,600,104,0.173333333,180,43,0.238888889,43,0.238888889,1,0.005555556,0,0,P593Fg002,1264,2550,1609,1,P593Fg005,2099,2814,1994,1,[],0,11,0.061111111,200,15,0.083333333,0.348837209,1,ux593_20190105/R=P593Fg002_0_P593Fg005_1.jpg,ux593_20190105/V=P593Fg002_0_P593Fg005_1.jpg
P593Fg009_1_P593Fg018_1,P593Fg009_P593Fg018,208,100,0.480769231,52,32,0.615384615,32,0.615384615,1,0.019230769,0,0,P593Fg009,929,2794,1838,0,P593Fg018,979,3152,1684,1,[],0,11,0.211538462,100,14,0.269230769,0.4375,1,ux593_20190105/R=P593Fg009_1_P593Fg018_1.jpg,ux593_20190105/V=P593Fg009_1_P593Fg018_1.jpg
P593Fg012_0_P593Fg013_0,P593Fg012_P593Fg013,384,132,0.34375,96,35,0.364583333,35,0.364583333,2,0.020833333,1,0.010416667,P593Fg012,1045,3308,2022,1,P593Fg013,1270,3200,1525,1,[],0,11,0.114583333,100,14,0.145833333,0.4,1,ux593_20190105/R=P593Fg012_0_P593Fg013_0.jpg,ux593_20190105/V=P593Fg012_0_P593Fg013_0.jpg
P593Fg001_0_P593Fg005_1,P593Fg001_P593Fg005,1470,198,0.134693878,495,104,0.21010101,104,0.21010101,1,0.002020202,0,0,P593Fg001,2185,2136,1021,1,P593Fg005,2099,2814,1994,1,[],0,11,0.022222222,100,14,0.028282828,0.134615385,1,ux593_20190105/R=P593Fg001_0_P593Fg005_1.jpg,ux593_20190105/V=P593Fg001_0_P593Fg005_1.jpg
P593Fg009_0_P593Fg011_0,P593Fg009_P593Fg011,128,79,0.6171875,32,25,0.78125,25,0.78125,1,0.03125,0,0,P593Fg009,929,2794,1838,0,P593Fg011,1364,2824,1898,1,[],0,11,0.34375,50,11,0.34375,0.44,1,ux593_20190105/R=P593Fg009_0_P593Fg011_0.jpg,ux593_20190105/V=P593Fg009_0_P593Fg011_0.jpg
P593Fg009_0_P593Fg010_1,P593Fg009_P593Fg010,144,61,0.423611111,36,20,0.555555556,20,0.555555556,1,0.027777778,0,0,P593Fg009,929,2794,1838,0,P593Fg010,1293,2911,1948,1,[],0,11,0.305555556,50,11,0.305555556,0.55,1,ux593_20190105/R=P593Fg009_0_P593Fg010_1.jpg,ux593_20190105/V=P593Fg009_0_P593Fg010_1.jpg
P593Fg009_0_P593Fg017_1,P593Fg009_P593Fg017,208,133,0.639423077,52,35,0.673076923,35,0.673076923,1,0.019230769,0,0,P593Fg009,929,2794,1838,0,P593Fg017,912,3079,1875,1,[],0,11,0.211538462,150,11,0.211538462,0.314285714,1,ux593_20190105/R=P593Fg009_0_P593Fg017_1.jpg,ux593_20190105/V=P593Fg009_0_P593Fg017_1.jpg
P593Fg005_1_P593Fg014_1,P593Fg005_P593Fg014,240,52,0.216666667,72,25,0.347222222,25,0.347222222,1,0.013888889,0,0,P593Fg005,2099,2814,1994,1,P593Fg014,921,2906,1726,1,[],0,11,0.152777778,50,11,0.152777778,0.44,1,ux593_20190105/R=P593Fg005_1_P593Fg014_1.jpg,ux593_20190105/V=P593Fg005_1_P593Fg014_1.jpg
P593Fg010_0_P593Fg011_0,P593Fg010_P593Fg011,288,84,0.291666667,72,35,0.486111111,35,0.486111111,2,0.027777778,1,0.013888889,P593Fg010,1293,2911,1948,1,P593Fg011,1364,2824,1898,1,[],0,11,0.152777778,150,11,0.152777778,0.314285714,1,ux593_20190105/R=P593Fg010_0_P593Fg011_0.jpg,ux593_20190105/V=P593Fg010_0_P593Fg011_0.jpg
P593Fg009_1_P593Fg015_0,P593Fg009_P593Fg015,304,89,0.292763158,76,38,0.5,38,0.5,1,0.013157895,0,0,P593Fg009,929,2794,1838,0,P593Fg015,1184,2802,1572,1,[],0,11,0.144736842,50,11,0.144736842,0.289473684,1,ux593_20190105/R=P593Fg009_1_P593Fg015_0.jpg,ux593_20190105/V=P593Fg009_1_P593Fg015_0.jpg
P593Fg005_1_P593Fg010_1,P593Fg005_P593Fg010,270,159,0.588888889,81,39,0.481481481,39,0.481481481,2,0.024691358,1,0.012345679,P593Fg005,2099,2814,1994,1,P593Fg010,1293,2911,1948,1,[],0,11,0.135802469,150,11,0.135802469,0.282051282,1,ux593_20190105/R=P593Fg005_1_P593Fg010_1.jpg,ux593_20190105/V=P593Fg005_1_P593Fg010_1.jpg
P593Fg004_0_P593Fg011_1,P593Fg004_P593Fg011,416,162,0.389423077,104,34,0.326923077,34,0.326923077,1,0.009615385,0,0,P593Fg004,1399,2862,1709,1,P593Fg011,1364,2824,1898,1,[],0,11,0.105769231,50,11,0.105769231,0.323529412,1,ux593_20190105/R=P593Fg004_0_P593Fg011_1.jpg,ux593_20190105/V=P593Fg004_0_P593Fg011_1.jpg
P593Fg005_1_P593Fg018_0,P593Fg005_P593Fg018,390,186,0.476923077,117,41,0.35042735,41,0.35042735,1,0.008547009,0,0,P593Fg005,2099,2814,1994,1,P593Fg018,979,3152,1684,1,[],0,11,0.094017094,150,11,0.094017094,0.268292683,1,ux593_20190105/R=P593Fg005_1_P593Fg018_0.jpg,ux593_20190105/V=P593Fg005_1_P593Fg018_0.jpg
P593Fg004_0_P593Fg005_1,P593Fg004_P593Fg005,390,65,0.166666667,117,30,0.256410256,30,0.256410256,1,0.008547009,0,0,P593Fg004,1399,2862,1709,1,P593Fg005,2099,2814,1994,1,[],0,11,0.094017094,50,11,0.094017094,0.366666667,1,ux593_20190105/R=P593Fg004_0_P593Fg005_1.jpg,ux593_20190105/V=P593Fg004_0_P593Fg005_1.jpg
P593Fg004_0_P593Fg018_0,P593Fg004_P593Fg018,676,219,0.323964497,169,49,0.289940828,49,0.289940828,2,0.01183432,1,0.00591716,P593Fg004,1399,2862,1709,1,P593Fg018,979,3152,1684,1,[],0,11,0.065088757,50,11,0.065088757,0.224489796,1,ux593_20190105/R=P593Fg004_0_P593Fg018_0.jpg,ux593_20190105/V=P593Fg004_0_P593Fg018_0.jpg
P593Fg003_1_P593Fg011_0,P593Fg003_P593Fg011,736,199,0.270380435,184,49,0.266304348,49,0.266304348,1,0.005434783,0,0,P593Fg003,1542,2531,1629,1,P593Fg011,1364,2824,1898,1,[],0,11,0.059782609,50,11,0.059782609,0.224489796,1,ux593_20190105/R=P593Fg003_1_P593Fg011_0.jpg,ux593_20190105/V=P593Fg003_1_P593Fg011_0.jpg
P593Fg013_1_P593Fg015_1,P593Fg013_P593Fg015,1216,269,0.221217105,285,31,0.10877193,31,0.10877193,1,0.003508772,0,0,P593Fg013,1270,3200,1525,1,P593Fg015,1184,2802,1572,1,[],0,11,0.038596491,50,11,0.038596491,0.35483871,1,ux593_20190105/R=P593Fg013_1_P593Fg015_1.jpg,ux593_20190105/V=P593Fg013_1_P593Fg015_1.jpg
P593Fg001_1_P593Fg010_1,P593Fg001_P593Fg010,1764,836,0.473922902,387,61,0.157622739,60,0.15503876,2,0.005167959,5,0.012919897,P593Fg001,2185,2136,1021,1,P593Fg010,1293,2911,1948,1,[],0,11,0.028423773,50,11,0.028423773,0.180327869,1,ux593_20190105/R=P593Fg001_1_P593Fg010_1.jpg,ux593_20190105/V=P593Fg001_1_P593Fg010_1.jpg
P593Fg003_0_P593Fg010_1,P593Fg003_P593Fg010,828,272,0.328502415,180,45,0.25,45,0.25,1,0.005555556,0,0,P593Fg003,1542,2531,1629,1,P593Fg010,1293,2911,1948,1,[],0,10,0.055555556,300,20,0.111111111,0.444444444,1,ux593_20190105/R=P593Fg003_0_P593Fg010_1.jpg,ux593_20190105/V=P593Fg003_0_P593Fg010_1.jpg
P593Fg005_0_P593Fg015_0,P593Fg005_P593Fg015,570,203,0.356140351,114,55,0.48245614,55,0.48245614,2,0.01754386,0,0,P593Fg005,2099,2814,1994,1,P593Fg015,1184,2802,1572,1,[],0,10,0.087719298,250,17,0.149122807,0.309090909,1,ux593_20190105/R=P593Fg005_0_P593Fg015_0.jpg,ux593_20190105/V=P593Fg005_0_P593Fg015_0.jpg
P593Fg012_0_P593Fg014_0,P593Fg012_P593Fg014,192,113,0.588541667,48,24,0.5,24,0.5,3,0.0625,1,0.020833333,P593Fg012,1045,3308,2022,1,P593Fg014,921,2906,1726,1,[],0,10,0.208333333,100,13,0.270833333,0.541666667,1,ux593_20190105/R=P593Fg012_0_P593Fg014_0.jpg,ux593_20190105/V=P593Fg012_0_P593Fg014_0.jpg
P593Fg009_0_P593Fg018_0,P593Fg009_P593Fg018,208,100,0.480769231,52,22,0.423076923,22,0.423076923,1,0.019230769,0,0,P593Fg009,929,2794,1838,0,P593Fg018,979,3152,1684,1,[],0,10,0.192307692,100,13,0.25,0.590909091,1,ux593_20190105/R=P593Fg009_0_P593Fg018_0.jpg,ux593_20190105/V=P593Fg009_0_P593Fg018_0.jpg
P593Fg012_1_P593Fg013_1,P593Fg012_P593Fg013,384,132,0.34375,96,30,0.3125,30,0.3125,1,0.010416667,0,0,P593Fg012,1045,3308,2022,1,P593Fg013,1270,3200,1525,1,[],0,10,0.104166667,200,13,0.135416667,0.433333333,1,ux593_20190105/R=P593Fg012_1_P593Fg013_1.jpg,ux593_20190105/V=P593Fg012_1_P593Fg013_1.jpg
P593Fg013_1_P593Fg018_0,P593Fg013_P593Fg018,832,291,0.349759615,208,35,0.168269231,35,0.168269231,1,0.004807692,0,0,P593Fg013,1270,3200,1525,1,P593Fg018,979,3152,1684,1,[],0,10,0.048076923,100,13,0.0625,0.371428571,1,ux593_20190105/R=P593Fg013_1_P593Fg018_0.jpg,ux593_20190105/V=P593Fg013_1_P593Fg018_0.jpg
P593Fg003_1_P593Fg017_1,P593Fg003_P593Fg017,1170,224,0.191452991,286,28,0.097902098,28,0.097902098,3,0.01048951,2,0.006993007,P593Fg003,1542,2531,1629,1,P593Fg017,912,3079,1875,1,[],0,10,0.034965035,100,13,0.045454545,0.464285714,1,ux593_20190105/R=P593Fg003_1_P593Fg017_1.jpg,ux593_20190105/V=P593Fg003_1_P593Fg017_1.jpg
P593Fg012_0_P593Fg015_0,P593Fg012_P593Fg015,456,34,0.074561404,114,25,0.219298246,25,0.219298246,3,0.026315789,1,0.00877193,P593Fg012,1045,3308,2022,1,P593Fg015,1184,2802,1572,1,[],0,10,0.087719298,100,12,0.105263158,0.48,1,ux593_20190105/R=P593Fg012_0_P593Fg015_0.jpg,ux593_20190105/V=P593Fg012_0_P593Fg015_0.jpg
P593Fg002_0_P593Fg014_1,P593Fg002_P593Fg014,640,83,0.1296875,160,36,0.225,36,0.225,1,0.00625,0,0,P593Fg002,1264,2550,1609,1,P593Fg014,921,2906,1726,1,[],0,10,0.0625,100,12,0.075,0.333333333,1,ux593_20190105/R=P593Fg002_0_P593Fg014_1.jpg,ux593_20190105/V=P593Fg002_0_P593Fg014_1.jpg
P593Fg008_0_P593Fg014_1,P593Fg008_P593Fg014,128,47,0.3671875,32,20,0.625,20,0.625,1,0.03125,0,0,P593Fg008,924,2784,2256,1,P593Fg014,921,2906,1726,1,[],0,10,0.3125,50,10,0.3125,0.5,1,ux593_20190105/R=P593Fg008_0_P593Fg014_1.jpg,ux593_20190105/V=P593Fg008_0_P593Fg014_1.jpg
P593Fg012_1_P593Fg014_0,P593Fg012_P593Fg014,192,113,0.588541667,48,21,0.4375,21,0.4375,1,0.020833333,0,0,P593Fg012,1045,3308,2022,1,P593Fg014,921,2906,1726,1,[],0,10,0.208333333,50,10,0.208333333,0.476190476,1,ux593_20190105/R=P593Fg012_1_P593Fg014_0.jpg,ux593_20190105/V=P593Fg012_1_P593Fg014_0.jpg
P593Fg005_1_P593Fg011_1,P593Fg005_P593Fg011,240,137,0.570833333,72,26,0.361111111,26,0.361111111,2,0.027777778,1,0.013888889,P593Fg005,2099,2814,1994,1,P593Fg011,1364,2824,1898,1,[],0,10,0.138888889,150,10,0.138888889,0.384615385,1,ux593_20190105/R=P593Fg005_1_P593Fg011_1.jpg,ux593_20190105/V=P593Fg005_1_P593Fg011_1.jpg
P593Fg002_1_P593Fg009_0,P593Fg002_P593Fg009,320,138,0.43125,80,33,0.4125,33,0.4125,1,0.0125,0,0,P593Fg002,1264,2550,1609,1,P593Fg009,929,2794,1838,0,[],0,10,0.125,150,10,0.125,0.303030303,1,ux593_20190105/R=P593Fg002_1_P593Fg009_0.jpg,ux593_20190105/V=P593Fg002_1_P593Fg009_0.jpg
P593Fg005_0_P593Fg016_1,P593Fg005_P593Fg016,480,216,0.45,96,28,0.291666667,28,0.291666667,1,0.010416667,0,0,P593Fg005,2099,2814,1994,1,P593Fg016,1044,2842,1766,1,[],0,10,0.104166667,50,10,0.104166667,0.357142857,1,ux593_20190105/R=P593Fg005_0_P593Fg016_1.jpg,ux593_20190105/V=P593Fg005_0_P593Fg016_1.jpg
P593Fg002_0_P593Fg019_0,P593Fg002_P593Fg019,400,81,0.2025,100,32,0.32,32,0.32,1,0.01,0,0,P593Fg002,1264,2550,1609,1,P593Fg019,1189,3009,1955,1,[],0,10,0.1,50,10,0.1,0.3125,1,ux593_20190105/R=P593Fg002_0_P593Fg019_0.jpg,ux593_20190105/V=P593Fg002_0_P593Fg019_0.jpg
P593Fg014_1_P593Fg018_0,P593Fg014_P593Fg018,416,124,0.298076923,104,19,0.182692308,19,0.182692308,1,0.009615385,0,0,P593Fg014,921,2906,1726,1,P593Fg018,979,3152,1684,1,[],0,10,0.096153846,50,10,0.096153846,0.526315789,1,ux593_20190105/R=P593Fg014_1_P593Fg018_0.jpg,ux593_20190105/V=P593Fg014_1_P593Fg018_0.jpg
P593Fg010_0_P593Fg018_0,P593Fg010_P593Fg018,468,127,0.271367521,117,32,0.273504274,32,0.273504274,2,0.017094017,1,0.008547009,P593Fg010,1293,2911,1948,1,P593Fg018,979,3152,1684,1,[],0,10,0.085470085,50,10,0.085470085,0.3125,1,ux593_20190105/R=P593Fg010_0_P593Fg018_0.jpg,ux593_20190105/V=P593Fg010_0_P593Fg018_0.jpg
P593Fg010_1_P593Fg013_1,P593Fg010_P593Fg013,544,67,0.123161765,128,27,0.2109375,27,0.2109375,2,0.015625,0,0,P593Fg010,1293,2911,1948,1,P593Fg013,1270,3200,1525,1,[],0,10,0.078125,50,10,0.078125,0.37037037,1,ux593_20190105/R=P593Fg010_1_P593Fg013_1.jpg,ux593_20190105/V=P593Fg010_1_P593Fg013_1.jpg
P593Fg003_1_P593Fg018_1,P593Fg003_P593Fg018,1196,271,0.226588629,286,43,0.15034965,43,0.15034965,2,0.006993007,0,0,P593Fg003,1542,2531,1629,1,P593Fg018,979,3152,1684,1,[],0,10,0.034965035,50,10,0.034965035,0.23255814,1,ux593_20190105/R=P593Fg003_1_P593Fg018_1.jpg,ux593_20190105/V=P593Fg003_1_P593Fg018_1.jpg
P593Fg003_1_P593Fg018_0,P593Fg003_P593Fg018,1196,271,0.226588629,299,54,0.180602007,53,0.177257525,1,0.003344482,0,0,P593Fg003,1542,2531,1629,1,P593Fg018,979,3152,1684,1,[],0,10,0.033444816,50,10,0.033444816,0.185185185,1,ux593_20190105/R=P593Fg003_1_P593Fg018_0.jpg,ux593_20190105/V=P593Fg003_1_P593Fg018_0.jpg
P593Fg002_1_P593Fg013_0,P593Fg002_P593Fg013,1280,206,0.1609375,320,41,0.128125,39,0.121875,2,0.00625,0,0,P593Fg002,1264,2550,1609,1,P593Fg013,1270,3200,1525,1,[],0,10,0.03125,150,10,0.03125,0.243902439,1,ux593_20190105/R=P593Fg002_1_P593Fg013_0.jpg,ux593_20190105/V=P593Fg002_1_P593Fg013_0.jpg
P593Fg005_1_P593Fg009_1,P593Fg005_P593Fg009,120,74,0.616666667,36,20,0.555555556,20,0.555555556,1,0.027777778,0,0,P593Fg005,2099,2814,1994,1,P593Fg009,929,2794,1838,0,[],0,9,0.25,100,12,0.333333333,0.6,1,ux593_20190105/R=P593Fg005_1_P593Fg009_1.jpg,ux593_20190105/V=P593Fg005_1_P593Fg009_1.jpg
P593Fg009_1_P593Fg017_0,P593Fg009_P593Fg017,208,133,0.639423077,52,30,0.576923077,30,0.576923077,1,0.019230769,0,0,P593Fg009,929,2794,1838,0,P593Fg017,912,3079,1875,1,[],0,9,0.173076923,200,12,0.230769231,0.4,1,ux593_20190105/R=P593Fg009_1_P593Fg017_0.jpg,ux593_20190105/V=P593Fg009_1_P593Fg017_0.jpg
P593Fg009_0_P593Fg017_0,P593Fg009_P593Fg017,208,133,0.639423077,52,34,0.653846154,34,0.653846154,1,0.019230769,0,0,P593Fg009,929,2794,1838,0,P593Fg017,912,3079,1875,1,[],0,9,0.173076923,300,12,0.230769231,0.352941176,1,ux593_20190105/R=P593Fg009_0_P593Fg017_0.jpg,ux593_20190105/V=P593Fg009_0_P593Fg017_0.jpg
P593Fg012_0_P593Fg017_1,P593Fg012_P593Fg017,312,81,0.259615385,78,24,0.307692308,24,0.307692308,1,0.012820513,0,0,P593Fg012,1045,3308,2022,1,P593Fg017,912,3079,1875,1,[],0,9,0.115384615,100,12,0.153846154,0.5,1,ux593_20190105/R=P593Fg012_0_P593Fg017_1.jpg,ux593_20190105/V=P593Fg012_0_P593Fg017_1.jpg
P593Fg010_1_P593Fg015_0,P593Fg010_P593Fg015,684,125,0.182748538,171,36,0.210526316,36,0.210526316,1,0.005847953,0,0,P593Fg010,1293,2911,1948,1,P593Fg015,1184,2802,1572,1,[],0,9,0.052631579,200,12,0.070175439,0.333333333,1,ux593_20190105/R=P593Fg010_1_P593Fg015_0.jpg,ux593_20190105/V=P593Fg010_1_P593Fg015_0.jpg
P593Fg004_1_P593Fg016_1,P593Fg004_P593Fg016,832,253,0.304086538,192,38,0.197916667,38,0.197916667,2,0.010416667,0,0,P593Fg004,1399,2862,1709,1,P593Fg016,1044,2842,1766,1,[],0,9,0.046875,100,12,0.0625,0.315789474,1,ux593_20190105/R=P593Fg004_1_P593Fg016_1.jpg,ux593_20190105/V=P593Fg004_1_P593Fg016_1.jpg
P593Fg001_0_P593Fg019_0,P593Fg001_P593Fg019,970,163,0.168041237,275,81,0.294545455,81,0.294545455,1,0.003636364,0,0,P593Fg001,2185,2136,1021,1,P593Fg019,1189,3009,1955,1,[],0,9,0.032727273,100,12,0.043636364,0.148148148,1,ux593_20190105/R=P593Fg001_0_P593Fg019_0.jpg,ux593_20190105/V=P593Fg001_0_P593Fg019_0.jpg
P593Fg017_1_P593Fg019_0,P593Fg017_P593Fg019,260,76,0.292307692,65,25,0.384615385,25,0.384615385,1,0.015384615,0,0,P593Fg017,912,3079,1875,1,P593Fg019,1189,3009,1955,1,[],0,9,0.138461538,100,11,0.169230769,0.44,1,ux593_20190105/R=P593Fg017_1_P593Fg019_0.jpg,ux593_20190105/V=P593Fg017_1_P593Fg019_0.jpg
P593Fg016_1_P593Fg019_0,P593Fg016_P593Fg019,320,91,0.284375,80,31,0.3875,31,0.3875,1,0.0125,0,0,P593Fg016,1044,2842,1766,1,P593Fg019,1189,3009,1955,1,[],0,9,0.1125,100,11,0.1375,0.35483871,1,ux593_20190105/R=P593Fg016_1_P593Fg019_0.jpg,ux593_20190105/V=P593Fg016_1_P593Fg019_0.jpg
P593Fg013_1_P593Fg016_1,P593Fg013_P593Fg016,1024,275,0.268554688,240,32,0.133333333,31,0.129166667,1,0.004166667,0,0,P593Fg013,1270,3200,1525,1,P593Fg016,1044,2842,1766,1,[],0,9,0.0375,100,11,0.045833333,0.34375,1,ux593_20190105/R=P593Fg013_1_P593Fg016_1.jpg,ux593_20190105/V=P593Fg013_1_P593Fg016_1.jpg
P593Fg005_0_P593Fg009_0,P593Fg005_P593Fg009,120,74,0.616666667,24,15,0.625,15,0.625,1,0.041666667,0,0,P593Fg005,2099,2814,1994,1,P593Fg009,929,2794,1838,0,[],0,9,0.375,50,9,0.375,0.6,1,ux593_20190105/R=P593Fg005_0_P593Fg009_0.jpg,ux593_20190105/V=P593Fg005_0_P593Fg009_0.jpg
P593Fg011_0_P593Fg019_0,P593Fg011_P593Fg019,160,64,0.4,40,20,0.5,20,0.5,1,0.025,0,0,P593Fg011,1364,2824,1898,1,P593Fg019,1189,3009,1955,1,[],0,9,0.225,50,9,0.225,0.45,1,ux593_20190105/R=P593Fg011_0_P593Fg019_0.jpg,ux593_20190105/V=P593Fg011_0_P593Fg019_0.jpg
P593Fg004_0_P593Fg009_1,P593Fg004_P593Fg009,208,68,0.326923077,52,20,0.384615385,20,0.384615385,1,0.019230769,0,0,P593Fg004,1399,2862,1709,1,P593Fg009,929,2794,1838,0,[],0,9,0.173076923,50,9,0.173076923,0.45,1,ux593_20190105/R=P593Fg004_0_P593Fg009_1.jpg,ux593_20190105/V=P593Fg004_0_P593Fg009_1.jpg
P593Fg009_0_P593Fg013_1,P593Fg009_P593Fg013,256,87,0.33984375,64,28,0.4375,28,0.4375,1,0.015625,0,0,P593Fg009,929,2794,1838,0,P593Fg013,1270,3200,1525,1,[],0,8,0.125,300,16,0.25,0.571428571,1,ux593_20190105/R=P593Fg009_0_P593Fg013_1.jpg,ux593_20190105/V=P593Fg009_0_P593Fg013_1.jpg
P593Fg018_1_P593Fg019_0,P593Fg018_P593Fg019,260,67,0.257692308,65,25,0.384615385,25,0.384615385,1,0.015384615,0,0,P593Fg018,979,3152,1684,1,P593Fg019,1189,3009,1955,1,[],0,8,0.123076923,250,16,0.246153846,0.64,1,ux593_20190105/R=P593Fg018_1_P593Fg019_0.jpg,ux593_20190105/V=P593Fg018_1_P593Fg019_0.jpg
P593Fg010_0_P593Fg017_0,P593Fg010_P593Fg017,442,112,0.253393665,91,30,0.32967033,30,0.32967033,2,0.021978022,1,0.010989011,P593Fg010,1293,2911,1948,1,P593Fg017,912,3079,1875,1,[],0,8,0.087912088,400,16,0.175824176,0.533333333,1,ux593_20190105/R=P593Fg010_0_P593Fg017_0.jpg,ux593_20190105/V=P593Fg010_0_P593Fg017_0.jpg
P593Fg009_0_P593Fg011_1,P593Fg009_P593Fg011,128,79,0.6171875,32,15,0.46875,15,0.46875,1,0.03125,0,0,P593Fg009,929,2794,1838,0,P593Fg011,1364,2824,1898,1,[],0,8,0.25,100,10,0.3125,0.666666667,1,ux593_20190105/R=P593Fg009_0_P593Fg011_1.jpg,ux593_20190105/V=P593Fg009_0_P593Fg011_1.jpg
P593Fg005_0_P593Fg009_1,P593Fg005_P593Fg009,120,74,0.616666667,24,14,0.583333333,14,0.583333333,1,0.041666667,0,0,P593Fg005,2099,2814,1994,1,P593Fg009,929,2794,1838,0,[],0,8,0.333333333,50,8,0.333333333,0.571428571,1,ux593_20190105/R=P593Fg005_0_P593Fg009_1.jpg,ux593_20190105/V=P593Fg005_0_P593Fg009_1.jpg
P593Fg009_0_P593Fg012_0,P593Fg009_P593Fg012,96,23,0.239583333,24,10,0.416666667,10,0.416666667,1,0.041666667,0,0,P593Fg009,929,2794,1838,0,P593Fg012,1045,3308,2022,1,[],0,7,0.291666667,100,9,0.375,0.9,1,ux593_20190105/R=P593Fg009_0_P593Fg012_0.jpg,ux593_20190105/V=P593Fg009_0_P593Fg012_0.jpg
P593Fg008_0_P593Fg009_0,P593Fg008_P593Fg009,64,18,0.28125,16,10,0.625,10,0.625,0,0,0,0,P593Fg008,924,2784,2256,1,P593Fg009,929,2794,1838,0,[],0,7,0.4375,50,7,0.4375,0.7,1,ux593_20190105/R=P593Fg008_0_P593Fg009_0.jpg,ux593_20190105/V=P593Fg008_0_P593Fg009_0.jpg