File,Model,Gap,Slice_size,Count,Precision,Recall,F-score,True Count,Error Rate,
PX303/FG006/PX303-Fg006-V-C01-R01-D08032015-T120502-ML445__001.jpg,/Users/il239838/Development/models/ML445__001_250px_model400x50.ckpt,0,250,7000,0.453547469,0.989686148,0.622033249,2352,0.384142857,445
PX303/FG006/PX303-Fg006-V-C01-R01-D08032015-T120502-ML445__001.jpg,/Users/il239838/Development/models/ML445__001_250px_model400x50.ckpt,5,250,5000,0.535226817,0.944395254,0.68323618,1940,0.349,445
PX303/FG006/PX303-Fg006-V-C01-R01-D08032015-T120502-ML445__001.jpg,/Users/il239838/Development/models/ML445__001_250px_model400x50.ckpt,10,250,5000,0.533674963,0.903665663,0.671050036,1940,0.3494,445
PX303/FG006/PX303-Fg006-V-C01-R01-D08032015-T120502-ML445__001.jpg,/Users/il239838/Development/models/ML445__001_250px_model400x50.ckpt,20,250,5000,0.541176471,0.847175491,0.6604542,1940,0.3596,445
PX303/FG006/PX303-Fg006-V-C01-R01-D08032015-T120502-ML445__001.jpg,/Users/il239838/Development/models/ML445__001_250px_model400x50.ckpt,40,250,5000,0.480848013,0.831414911,0.609305042,1940,0.4186,445
PX303/FG006/PX303-Fg006-V-C01-R01-D08032015-T120502-ML445__001.jpg,/Users/il239838/Development/models/ML445__001_250px_model400x50.ckpt,80,250,5000,0.41648299,0.769612183,0.54048004,1940,0.4876,445
PX303/FG006/PX303-Fg006-V-C01-R01-D08032015-T120502-ML445__001.jpg,/Users/il239838/Development/models/ML445__001_250px_model400x50.ckpt,120,250,5000,0.432442971,0.785549849,0.557812009,1940,0.4784,445
PX303/FG006/PX303-Fg006-V-C01-R01-D08032015-T120506-ML475__002.jpg,/Users/il239838/Development/models/ML475__002_250px_model400x50.ckpt,0,250,7000,0.447320709,0.98502828,0.615246078,2352,0.396,475
PX303/FG006/PX303-Fg006-V-C01-R01-D08032015-T120506-ML475__002.jpg,/Users/il239838/Development/models/ML475__002_250px_model400x50.ckpt,5,250,5000,0.49938789,0.939082699,0.652034919,1940,0.3958,475
PX303/FG006/PX303-Fg006-V-C01-R01-D08032015-T120506-ML475__002.jpg,/Users/il239838/Development/models/ML475__002_250px_model400x50.ckpt,10,250,5000,0.505978477,0.899238534,0.647580182,1940,0.3948,475
PX303/FG006/PX303-Fg006-V-C01-R01-D08032015-T120506-ML475__002.jpg,/Users/il239838/Development/models/ML475__002_250px_model400x50.ckpt,20,250,5000,0.500859476,0.8255711,0.623470411,1940,0.4106,475
PX303/FG006/PX303-Fg006-V-C01-R01-D08032015-T120506-ML475__002.jpg,/Users/il239838/Development/models/ML475__002_250px_model400x50.ckpt,40,250,5000,0.452073963,0.80095626,0.577945311,1940,0.4624,475
PX303/FG006/PX303-Fg006-V-C01-R01-D08032015-T120506-ML475__002.jpg,/Users/il239838/Development/models/ML475__002_250px_model400x50.ckpt,80,250,5000,0.454055114,0.819904374,0.584448372,1940,0.4312,475
PX303/FG006/PX303-Fg006-V-C01-R01-D08032015-T120506-ML475__002.jpg,/Users/il239838/Development/models/ML475__002_250px_model400x50.ckpt,120,250,5000,0.430747922,0.771028865,0.552713424,1940,0.4736,475
PX303/FG006/PX303-Fg006-V-C01-R01-D08032015-T120510-ML499__003.jpg,/Users/il239838/Development/models/ML499__003_250px_model400x50.ckpt,0,250,7000,0.472203193,0.966041397,0.634339716,2482,0.361714286,499
PX303/FG006/PX303-Fg006-V-C01-R01-D08032015-T120510-ML499__003.jpg,/Users/il239838/Development/models/ML499__003_250px_model400x50.ckpt,5,250,5000,0.518128203,0.931513993,0.665879722,2037,0.3746,499
PX303/FG006/PX303-Fg006-V-C01-R01-D08032015-T120510-ML499__003.jpg,/Users/il239838/Development/models/ML499__003_250px_model400x50.ckpt,10,250,5000,0.511240466,0.885451069,0.648215308,2037,0.3764,499
PX303/FG006/PX303-Fg006-V-C01-R01-D08032015-T120510-ML499__003.jpg,/Users/il239838/Development/models/ML499__003_250px_model400x50.ckpt,20,250,5000,0.492290412,0.837997566,0.620223852,2037,0.4128,499
PX303/FG006/PX303-Fg006-V-C01-R01-D08032015-T120510-ML499__003.jpg,/Users/il239838/Development/models/ML499__003_250px_model400x50.ckpt,40,250,5000,0.44481982,0.823917956,0.577731733,2037,0.473,499
PX303/FG006/PX303-Fg006-V-C01-R01-D08032015-T120510-ML499__003.jpg,/Users/il239838/Development/models/ML499__003_250px_model400x50.ckpt,80,250,5000,0.451096449,0.808100122,0.578989974,2037,0.451,499
PX303/FG006/PX303-Fg006-V-C01-R01-D08032015-T120510-ML499__003.jpg,/Users/il239838/Development/models/ML499__003_250px_model400x50.ckpt,120,250,5000,0.432254995,0.789674952,0.558691508,2037,0.4736,499
PX303/FG006/PX303-Fg006-V-C01-R01-D08032015-T120515-ML540__004.jpg,/Users/il239838/Development/models/ML540__004_250px_model400x50.ckpt,0,250,7000,0.485967972,0.991267788,0.652197042,2482,0.348,540
PX303/FG006/PX303-Fg006-V-C01-R01-D08032015-T120515-ML540__004.jpg,/Users/il239838/Development/models/ML540__004_250px_model400x50.ckpt,5,250,5000,0.53719749,0.937597775,0.683044194,2037,0.3512,540
PX303/FG006/PX303-Fg006-V-C01-R01-D08032015-T120515-ML540__004.jpg,/Users/il239838/Development/models/ML540__004_250px_model400x50.ckpt,10,250,5000,0.568085106,0.928211368,0.704810929,2037,0.324,540
PX303/FG006/PX303-Fg006-V-C01-R01-D08032015-T120515-ML540__004.jpg,/Users/il239838/Development/models/ML540__004_250px_model400x50.ckpt,20,250,5000,0.54843095,0.841474014,0.664060357,2037,0.3654,540
PX303/FG006/PX303-Fg006-V-C01-R01-D08032015-T120515-ML540__004.jpg,/Users/il239838/Development/models/ML540__004_250px_model400x50.ckpt,40,250,5000,0.465468121,0.823570311,0.594777806,2037,0.448,540
PX303/FG006/PX303-Fg006-V-C01-R01-D08032015-T120515-ML540__004.jpg,/Users/il239838/Development/models/ML540__004_250px_model400x50.ckpt,80,250,5000,0.457156673,0.821658265,0.587460387,2037,0.452,540
PX303/FG006/PX303-Fg006-V-C01-R01-D08032015-T120515-ML540__004.jpg,/Users/il239838/Development/models/ML540__004_250px_model400x50.ckpt,120,250,5000,0.443130118,0.761863376,0.560342623,2037,0.4696,540
PX303/FG006/PX303-Fg006-V-C01-R01-D08032015-T120519-ML595__005.jpg,/Users/il239838/Development/models/ML595__005_250px_model400x50.ckpt,0,250,7000,0.638070501,0.918687894,0.753087501,2570,0.197571429,595
PX303/FG006/PX303-Fg006-V-C01-R01-D08032015-T120519-ML595__005.jpg,/Users/il239838/Development/models/ML595__005_250px_model400x50.ckpt,5,250,5000,0.653728294,0.779130435,0.710941839,2041,0.262,595
PX303/FG006/PX303-Fg006-V-C01-R01-D08032015-T120519-ML595__005.jpg,/Users/il239838/Development/models/ML595__005_250px_model400x50.ckpt,10,250,5000,0.631101022,0.676869565,0.653184526,2041,0.2948,595
PX303/FG006/PX303-Fg006-V-C01-R01-D08032015-T120519-ML595__005.jpg,/Users/il239838/Development/models/ML595__005_250px_model400x50.ckpt,20,250,5000,0.620484908,0.65426087,0.636925421,2041,0.316,595
PX303/FG006/PX303-Fg006-V-C01-R01-D08032015-T120519-ML595__005.jpg,/Users/il239838/Development/models/ML595__005_250px_model400x50.ckpt,40,250,5000,0.539588949,0.557043478,0.548177306,2041,0.3568,595
PX303/FG006/PX303-Fg006-V-C01-R01-D08032015-T120519-ML595__005.jpg,/Users/il239838/Development/models/ML595__005_250px_model400x50.ckpt,80,250,5000,0.502367347,0.535130435,0.518231579,2041,0.3918,595
PX303/FG006/PX303-Fg006-V-C01-R01-D08032015-T120519-ML595__005.jpg,/Users/il239838/Development/models/ML595__005_250px_model400x50.ckpt,120,250,5000,0.521410967,0.588695652,0.553014213,2041,0.3804,595
PX303/FG006/PX303-Fg006-V-C01-R01-D08032015-T120522-ML638__006.jpg,/Users/il239838/Development/models/ML638__006_250px_model400x50.ckpt,0,250,7000,0.423084138,0.972509702,0.589646382,2482,0.447857143,638
PX303/FG006/PX303-Fg006-V-C01-R01-D08032015-T120522-ML638__006.jpg,/Users/il239838/Development/models/ML638__006_250px_model400x50.ckpt,5,250,5000,0.450850818,0.948722406,0.611232432,2037,0.4676,638
PX303/FG006/PX303-Fg006-V-C01-R01-D08032015-T120522-ML638__006.jpg,/Users/il239838/Development/models/ML638__006_250px_model400x50.ckpt,10,250,5000,0.440706058,0.924387276,0.596857464,2037,0.4834,638
PX303/FG006/PX303-Fg006-V-C01-R01-D08032015-T120522-ML638__006.jpg,/Users/il239838/Development/models/ML638__006_250px_model400x50.ckpt,20,250,5000,0.42629161,0.919346428,0.582488987,2037,0.5058,638
PX303/FG006/PX303-Fg006-V-C01-R01-D08032015-T120522-ML638__006.jpg,/Users/il239838/Development/models/ML638__006_250px_model400x50.ckpt,40,250,5000,0.424856467,0.874674083,0.571915667,2037,0.4994,638
PX303/FG006/PX303-Fg006-V-C01-R01-D08032015-T120522-ML638__006.jpg,/Users/il239838/Development/models/ML638__006_250px_model400x50.ckpt,80,250,5000,0.431103679,0.896228055,0.582171287,2037,0.487,638
PX303/FG006/PX303-Fg006-V-C01-R01-D08032015-T120522-ML638__006.jpg,/Users/il239838/Development/models/ML638__006_250px_model400x50.ckpt,120,250,5000,0.42671285,0.877976708,0.574303582,2037,0.4938,638
PX303/FG006/PX303-Fg006-V-C01-R01-D08032015-T120529-ML656__007.jpg,/Users/il239838/Development/models/ML656__007_250px_model400x50.ckpt,0,250,7000,0.679965239,0.954530332,0.794186851,2352,0.158857143,656
PX303/FG006/PX303-Fg006-V-C01-R01-D08032015-T120529-ML656__007.jpg,/Users/il239838/Development/models/ML656__007_250px_model400x50.ckpt,5,250,5000,0.696396929,0.835133699,0.75948144,1940,0.2194,656
PX303/FG006/PX303-Fg006-V-C01-R01-D08032015-T120529-ML656__007.jpg,/Users/il239838/Development/models/ML656__007_250px_model400x50.ckpt,10,250,5000,0.677384281,0.772268461,0.721721142,1940,0.2468,656
PX303/FG006/PX303-Fg006-V-C01-R01-D08032015-T120529-ML656__007.jpg,/Users/il239838/Development/models/ML656__007_250px_model400x50.ckpt,20,250,5000,0.692647872,0.665663184,0.678887484,1940,0.2622,656
PX303/FG006/PX303-Fg006-V-C01-R01-D08032015-T120529-ML656__007.jpg,/Users/il239838/Development/models/ML656__007_250px_model400x50.ckpt,40,250,5000,0.560503388,0.615193908,0.586576615,1940,0.3406,656
PX303/FG006/PX303-Fg006-V-C01-R01-D08032015-T120529-ML656__007.jpg,/Users/il239838/Development/models/ML656__007_250px_model400x50.ckpt,80,250,5000,0.515630368,0.531609704,0.523498125,1940,0.3606,656
PX303/FG006/PX303-Fg006-V-C01-R01-D08032015-T120529-ML656__007.jpg,/Users/il239838/Development/models/ML656__007_250px_model400x50.ckpt,120,250,5000,0.494971406,0.444483797,0.468370965,1940,0.3948,656
PX303/FG006/PX303-Fg006-V-C01-R01-D08032015-T120535-ML706__008.jpg,/Users/il239838/Development/models/ML706__008_250px_model400x50.ckpt,0,250,7000,0.808225729,0.902874239,0.85293227,2570,0.114285714,706
PX303/FG006/PX303-Fg006-V-C01-R01-D08032015-T120535-ML706__008.jpg,/Users/il239838/Development/models/ML706__008_250px_model400x50.ckpt,5,250,5000,0.768386981,0.743130435,0.755547697,2041,0.2096,706
PX303/FG006/PX303-Fg006-V-C01-R01-D08032015-T120535-ML706__008.jpg,/Users/il239838/Development/models/ML706__008_250px_model400x50.ckpt,10,250,5000,0.802768903,0.655478261,0.721685017,2041,0.2166,706
PX303/FG006/PX303-Fg006-V-C01-R01-D08032015-T120535-ML706__008.jpg,/Users/il239838/Development/models/ML706__008_250px_model400x50.ckpt,20,250,5000,0.718514672,0.481217391,0.576398292,2041,0.2976,706
PX303/FG006/PX303-Fg006-V-C01-R01-D08032015-T120535-ML706__008.jpg,/Users/il239838/Development/models/ML706__008_250px_model400x50.ckpt,40,250,5000,0.614921466,0.408521739,0.490909091,2041,0.333,706
PX303/FG006/PX303-Fg006-V-C01-R01-D08032015-T120535-ML706__008.jpg,/Users/il239838/Development/models/ML706__008_250px_model400x50.ckpt,80,250,5000,0.629103215,0.323304348,0.427110856,2041,0.3444,706
PX303/FG006/PX303-Fg006-V-C01-R01-D08032015-T120535-ML706__008.jpg,/Users/il239838/Development/models/ML706__008_250px_model400x50.ckpt,120,250,5000,0.579569892,0.374956522,0.455332629,2041,0.3576,706
PX303/FG006/PX303-Fg006-V-C01-R01-D08032015-T120541-ML728__009.jpg,/Users/il239838/Development/models/ML728__009_250px_model400x50.ckpt,0,250,7000,0.505923001,0.985682231,0.668647845,2570,0.318857143,728
PX303/FG006/PX303-Fg006-V-C01-R01-D08032015-T120541-ML728__009.jpg,/Users/il239838/Development/models/ML728__009_250px_model400x50.ckpt,5,250,5000,0.531794675,0.96573913,0.685894269,2041,0.3486,728
PX303/FG006/PX303-Fg006-V-C01-R01-D08032015-T120541-ML728__009.jpg,/Users/il239838/Development/models/ML728__009_250px_model400x50.ckpt,10,250,5000,0.512453422,0.908869565,0.655379985,2041,0.3718,728
PX303/FG006/PX303-Fg006-V-C01-R01-D08032015-T120541-ML728__009.jpg,/Users/il239838/Development/models/ML728__009_250px_model400x50.ckpt,20,250,5000,0.492420227,0.807826087,0.611868537,2041,0.414,728
PX303/FG006/PX303-Fg006-V-C01-R01-D08032015-T120541-ML728__009.jpg,/Users/il239838/Development/models/ML728__009_250px_model400x50.ckpt,40,250,5000,0.488341577,0.841391304,0.617998339,2041,0.3972,728
PX303/FG006/PX303-Fg006-V-C01-R01-D08032015-T120541-ML728__009.jpg,/Users/il239838/Development/models/ML728__009_250px_model400x50.ckpt,80,250,5000,0.448927377,0.793391304,0.57340372,2041,0.446,728
PX303/FG006/PX303-Fg006-V-C01-R01-D08032015-T120541-ML728__009.jpg,/Users/il239838/Development/models/ML728__009_250px_model400x50.ckpt,120,250,5000,0.463969285,0.819652174,0.592532059,2041,0.4216,728
PX303/FG006/PX303-Fg006-V-C01-R01-D08032015-T120548-ML772__010.jpg,/Users/il239838/Development/models/ML772__010_250px_model400x50.ckpt,0,250,7000,0.600829548,0.975104178,0.743522894,2570,0.224857143,772
PX303/FG006/PX303-Fg006-V-C01-R01-D08032015-T120548-ML772__010.jpg,/Users/il239838/Development/models/ML772__010_250px_model400x50.ckpt,5,250,5000,0.631364325,0.942434783,0.75615712,2041,0.2474,772
PX303/FG006/PX303-Fg006-V-C01-R01-D08032015-T120548-ML772__010.jpg,/Users/il239838/Development/models/ML772__010_250px_model400x50.ckpt,10,250,5000,0.62809112,0.896695652,0.738734866,2041,0.256,772
PX303/FG006/PX303-Fg006-V-C01-R01-D08032015-T120548-ML772__010.jpg,/Users/il239838/Development/models/ML772__010_250px_model400x50.ckpt,20,250,5000,0.640948781,0.855304348,0.732772108,2041,0.264,772
PX303/FG006/PX303-Fg006-V-C01-R01-D08032015-T120548-ML772__010.jpg,/Users/il239838/Development/models/ML772__010_250px_model400x50.ckpt,40,250,5000,0.553826851,0.767652174,0.643440233,2041,0.3258,772
PX303/FG006/PX303-Fg006-V-C01-R01-D08032015-T120548-ML772__010.jpg,/Users/il239838/Development/models/ML772__010_250px_model400x50.ckpt,80,250,5000,0.523327779,0.764695652,0.621396269,2041,0.3598,772
PX303/FG006/PX303-Fg006-V-C01-R01-D08032015-T120548-ML772__010.jpg,/Users/il239838/Development/models/ML772__010_250px_model400x50.ckpt,120,250,5000,0.514938489,0.764347826,0.615330767,2041,0.3698,772
PX303/FG006/PX303-Fg006-V-C01-R01-D08032015-T120553-ML858__011.jpg,/Users/il239838/Development/models/ML858__011_250px_model400x50.ckpt,0,250,7000,0.77311069,0.959717919,0.856366497,2570,0.115857143,858
PX303/FG006/PX303-Fg006-V-C01-R01-D08032015-T120553-ML858__011.jpg,/Users/il239838/Development/models/ML858__011_250px_model400x50.ckpt,5,250,5000,0.743151739,0.839826087,0.788536904,2041,0.1916,858
PX303/FG006/PX303-Fg006-V-C01-R01-D08032015-T120553-ML858__011.jpg,/Users/il239838/Development/models/ML858__011_250px_model400x50.ckpt,10,250,5000,0.74926762,0.756173913,0.752704925,2041,0.2112,858
PX303/FG006/PX303-Fg006-V-C01-R01-D08032015-T120553-ML858__011.jpg,/Users/il239838/Development/models/ML858__011_250px_model400x50.ckpt,20,250,5000,0.713463997,0.582434783,0.641325163,2041,0.2728,858
PX303/FG006/PX303-Fg006-V-C01-R01-D08032015-T120553-ML858__011.jpg,/Users/il239838/Development/models/ML858__011_250px_model400x50.ckpt,40,250,5000,0.670503316,0.59773913,0.632033836,2041,0.2728,858
PX303/FG006/PX303-Fg006-V-C01-R01-D08032015-T120553-ML858__011.jpg,/Users/il239838/Development/models/ML858__011_250px_model400x50.ckpt,80,250,5000,0.618229361,0.575652174,0.596181556,2041,0.3088,858
PX303/FG006/PX303-Fg006-V-C01-R01-D08032015-T120553-ML858__011.jpg,/Users/il239838/Development/models/ML858__011_250px_model400x50.ckpt,120,250,5000,0.59063745,0.515652174,0.550603528,2041,0.3364,858
PX303/FG006/PX303-Fg006-V-C01-R01-D08032015-T120605-ML924__012.jpg,/Users/il239838/Development/models/ML924__012_250px_model400x50.ckpt,0,250,7000,0.859502526,0.945186452,0.900310417,2570,0.071428571,924
PX303/FG006/PX303-Fg006-V-C01-R01-D08032015-T120605-ML924__012.jpg,/Users/il239838/Development/models/ML924__012_250px_model400x50.ckpt,5,250,5000,0.842377261,0.79373913,0.817335244,2041,0.1522,924
PX303/FG006/PX303-Fg006-V-C01-R01-D08032015-T120605-ML924__012.jpg,/Users/il239838/Development/models/ML924__012_250px_model400x50.ckpt,10,250,5000,0.825095867,0.673565217,0.741669858,2041,0.1974,924
PX303/FG006/PX303-Fg006-V-C01-R01-D08032015-T120605-ML924__012.jpg,/Users/il239838/Development/models/ML924__012_250px_model400x50.ckpt,20,250,5000,0.82278481,0.542608696,0.653950954,2041,0.2428,924
PX303/FG006/PX303-Fg006-V-C01-R01-D08032015-T120605-ML924__012.jpg,/Users/il239838/Development/models/ML924__012_250px_model400x50.ckpt,40,250,5000,0.755587088,0.370434783,0.497140857,2041,0.2966,924
PX303/FG006/PX303-Fg006-V-C01-R01-D08032015-T120605-ML924__012.jpg,/Users/il239838/Development/models/ML924__012_250px_model400x50.ckpt,80,250,5000,0.67446874,0.380869565,0.486828943,2041,0.3208,924
PX303/FG006/PX303-Fg006-V-C01-R01-D08032015-T120605-ML924__012.jpg,/Users/il239838/Development/models/ML924__012_250px_model400x50.ckpt,120,250,5000,0.677232447,0.345565217,0.457623215,2041,0.3308,924
PX303/FG006/PX303-Fg006-V-C01-R01-D08032015-T120502-ML445__001.jpg,/Users/il239838/Development/models/ML445__001_125px_model400x50.ckpt,0,125,7000,0.893913956,0.944770988,0.918639133,2352,0.062857143,445
PX303/FG006/PX303-Fg006-V-C01-R01-D08032015-T120502-ML445__001.jpg,/Users/il239838/Development/models/ML445__001_125px_model400x50.ckpt,5,125,5000,0.85085639,0.57180804,0.683965262,1940,0.2076,445
PX303/FG006/PX303-Fg006-V-C01-R01-D08032015-T120502-ML445__001.jpg,/Users/il239838/Development/models/ML445__001_125px_model400x50.ckpt,10,125,5000,0.84288425,0.39330618,0.536343878,1940,0.2728,445
PX303/FG006/PX303-Fg006-V-C01-R01-D08032015-T120502-ML445__001.jpg,/Users/il239838/Development/models/ML445__001_125px_model400x50.ckpt,20,125,5000,0.757602085,0.30883655,0.438797333,1940,0.3106,445
PX303/FG006/PX303-Fg006-V-C01-R01-D08032015-T120502-ML445__001.jpg,/Users/il239838/Development/models/ML445__001_125px_model400x50.ckpt,40,125,5000,0.761383285,0.23392952,0.357897589,1940,0.3248,445
PX303/FG006/PX303-Fg006-V-C01-R01-D08032015-T120502-ML445__001.jpg,/Users/il239838/Development/models/ML445__001_125px_model400x50.ckpt,80,125,5000,0.545236669,0.161147512,0.24876982,1940,0.3746,445
PX303/FG006/PX303-Fg006-V-C01-R01-D08032015-T120502-ML445__001.jpg,/Users/il239838/Development/models/ML445__001_125px_model400x50.ckpt,120,125,5000,0.688644689,0.133168054,0.223178513,1940,0.36,445
PX303/FG006/PX303-Fg006-V-C01-R01-D08032015-T120506-ML475__002.jpg,/Users/il239838/Development/models/ML475__002_125px_model400x50.ckpt,0,125,7000,0.631784321,0.987579017,0.770595362,2352,0.189571429,475
PX303/FG006/PX303-Fg006-V-C01-R01-D08032015-T120506-ML475__002.jpg,/Users/il239838/Development/models/ML475__002_125px_model400x50.ckpt,5,125,5000,0.645608019,0.866831946,0.740040819,1940,0.2544,475
PX303/FG006/PX303-Fg006-V-C01-R01-D08032015-T120506-ML475__002.jpg,/Users/il239838/Development/models/ML475__002_125px_model400x50.ckpt,10,125,5000,0.614047097,0.794227023,0.692610609,1940,0.2928,475
PX303/FG006/PX303-Fg006-V-C01-R01-D08032015-T120506-ML475__002.jpg,/Users/il239838/Development/models/ML475__002_125px_model400x50.ckpt,20,125,5000,0.574846626,0.663715247,0.61609271,1940,0.3318,475
PX303/FG006/PX303-Fg006-V-C01-R01-D08032015-T120506-ML475__002.jpg,/Users/il239838/Development/models/ML475__002_125px_model400x50.ckpt,40,125,5000,0.495549417,0.57180804,0.530954534,1940,0.3974,475
PX303/FG006/PX303-Fg006-V-C01-R01-D08032015-T120506-ML475__002.jpg,/Users/il239838/Development/models/ML475__002_125px_model400x50.ckpt,80,125,5000,0.449158138,0.481848769,0.464929517,1940,0.4286,475
PX303/FG006/PX303-Fg006-V-C01-R01-D08032015-T120506-ML475__002.jpg,/Users/il239838/Development/models/ML475__002_125px_model400x50.ckpt,120,125,5000,0.429128333,0.48733841,0.456384743,1940,0.4436,475
PX303/FG006/PX303-Fg006-V-C01-R01-D08032015-T120510-ML499__003.jpg,/Users/il239838/Development/models/ML499__003_125px_model400x50.ckpt,0,125,7000,0.65563829,0.92076326,0.765905932,2482,0.181142857,499
PX303/FG006/PX303-Fg006-V-C01-R01-D08032015-T120510-ML499__003.jpg,/Users/il239838/Development/models/ML499__003_125px_model400x50.ckpt,5,125,5000,0.663974398,0.757343994,0.707592367,2037,0.2468,499
PX303/FG006/PX303-Fg006-V-C01-R01-D08032015-T120510-ML499__003.jpg,/Users/il239838/Development/models/ML499__003_125px_model400x50.ckpt,10,125,5000,0.674644468,0.676168955,0.675405851,2037,0.2644,499
PX303/FG006/PX303-Fg006-V-C01-R01-D08032015-T120510-ML499__003.jpg,/Users/il239838/Development/models/ML499__003_125px_model400x50.ckpt,20,125,5000,0.622226297,0.589779246,0.605568445,2037,0.3284,499
PX303/FG006/PX303-Fg006-V-C01-R01-D08032015-T120510-ML499__003.jpg,/Users/il239838/Development/models/ML499__003_125px_model400x50.ckpt,40,125,5000,0.560580366,0.517121502,0.537974684,2037,0.3544,499
PX303/FG006/PX303-Fg006-V-C01-R01-D08032015-T120510-ML499__003.jpg,/Users/il239838/Development/models/ML499__003_125px_model400x50.ckpt,80,125,5000,0.459973379,0.420476273,0.439338903,2037,0.4232,499
PX303/FG006/PX303-Fg006-V-C01-R01-D08032015-T120510-ML499__003.jpg,/Users/il239838/Development/models/ML499__003_125px_model400x50.ckpt,120,125,5000,0.496184662,0.452111942,0.473124147,2037,0.3806,499
PX303/FG006/PX303-Fg006-V-C01-R01-D08032015-T120515-ML540__004.jpg,/Users/il239838/Development/models/ML540__004_125px_model400x50.ckpt,0,125,7000,0.575871583,0.990081932,0.728195369,2482,0.253428571,540
PX303/FG006/PX303-Fg006-V-C01-R01-D08032015-T120515-ML540__004.jpg,/Users/il239838/Development/models/ML540__004_125px_model400x50.ckpt,5,125,5000,0.546345995,0.920041717,0.685577359,2037,0.3284,540
PX303/FG006/PX303-Fg006-V-C01-R01-D08032015-T120515-ML540__004.jpg,/Users/il239838/Development/models/ML540__004_125px_model400x50.ckpt,10,125,5000,0.582533476,0.85451069,0.692784667,2037,0.3104,540
PX303/FG006/PX303-Fg006-V-C01-R01-D08032015-T120515-ML540__004.jpg,/Users/il239838/Development/models/ML540__004_125px_model400x50.ckpt,20,125,5000,0.583947474,0.757517817,0.659503632,2037,0.3454,540
PX303/FG006/PX303-Fg006-V-C01-R01-D08032015-T120515-ML540__004.jpg,/Users/il239838/Development/models/ML540__004_125px_model400x50.ckpt,40,125,5000,0.532190579,0.68538154,0.599149065,2037,0.3674,540
PX303/FG006/PX303-Fg006-V-C01-R01-D08032015-T120515-ML540__004.jpg,/Users/il239838/Development/models/ML540__004_125px_model400x50.ckpt,80,125,5000,0.462854636,0.550147749,0.502740052,2037,0.4344,540
PX303/FG006/PX303-Fg006-V-C01-R01-D08032015-T120515-ML540__004.jpg,/Users/il239838/Development/models/ML540__004_125px_model400x50.ckpt,120,125,5000,0.481648337,0.631844255,0.546616541,2037,0.4204,540
PX303/FG006/PX303-Fg006-V-C01-R01-D08032015-T120519-ML595__005.jpg,/Users/il239838/Development/models/ML595__005_125px_model400x50.ckpt,0,125,7000,0.772523271,0.993161663,0.86905708,2570,0.099428571,595
PX303/FG006/PX303-Fg006-V-C01-R01-D08032015-T120519-ML595__005.jpg,/Users/il239838/Development/models/ML595__005_125px_model400x50.ckpt,5,125,5000,0.765289004,0.872695652,0.81547087,2041,0.1814,595
PX303/FG006/PX303-Fg006-V-C01-R01-D08032015-T120519-ML595__005.jpg,/Users/il239838/Development/models/ML595__005_125px_model400x50.ckpt,10,125,5000,0.752849003,0.735304348,0.743973254,2041,0.2224,595
PX303/FG006/PX303-Fg006-V-C01-R01-D08032015-T120519-ML595__005.jpg,/Users/il239838/Development/models/ML595__005_125px_model400x50.ckpt,20,125,5000,0.738716356,0.620521739,0.674480151,2041,0.275,595
PX303/FG006/PX303-Fg006-V-C01-R01-D08032015-T120519-ML595__005.jpg,/Users/il239838/Development/models/ML595__005_125px_model400x50.ckpt,40,125,5000,0.606327257,0.503304348,0.55003326,2041,0.3422,595
PX303/FG006/PX303-Fg006-V-C01-R01-D08032015-T120519-ML595__005.jpg,/Users/il239838/Development/models/ML595__005_125px_model400x50.ckpt,80,125,5000,0.53893583,0.410434783,0.465988745,2041,0.3912,595
PX303/FG006/PX303-Fg006-V-C01-R01-D08032015-T120519-ML595__005.jpg,/Users/il239838/Development/models/ML595__005_125px_model400x50.ckpt,120,125,5000,0.501289214,0.40573913,0.448481353,2041,0.4002,595
PX303/FG006/PX303-Fg006-V-C01-R01-D08032015-T120522-ML638__006.jpg,/Users/il239838/Development/models/ML638__006_125px_model400x50.ckpt,0,125,7000,0.76717103,0.972940923,0.857889734,2482,0.103428571,638
PX303/FG006/PX303-Fg006-V-C01-R01-D08032015-T120522-ML638__006.jpg,/Users/il239838/Development/models/ML638__006_125px_model400x50.ckpt,5,125,5000,0.727019041,0.769859204,0.747826087,2037,0.2142,638
PX303/FG006/PX303-Fg006-V-C01-R01-D08032015-T120522-ML638__006.jpg,/Users/il239838/Development/models/ML638__006_125px_model400x50.ckpt,10,125,5000,0.702252693,0.623153137,0.660342605,2037,0.2638,638
PX303/FG006/PX303-Fg006-V-C01-R01-D08032015-T120522-ML638__006.jpg,/Users/il239838/Development/models/ML638__006_125px_model400x50.ckpt,20,125,5000,0.641682682,0.522336172,0.575891146,2037,0.3182,638
PX303/FG006/PX303-Fg006-V-C01-R01-D08032015-T120522-ML638__006.jpg,/Users/il239838/Development/models/ML638__006_125px_model400x50.ckpt,40,125,5000,0.587228608,0.399617591,0.475589574,2037,0.3622,638
PX303/FG006/PX303-Fg006-V-C01-R01-D08032015-T120522-ML638__006.jpg,/Users/il239838/Development/models/ML638__006_125px_model400x50.ckpt,80,125,5000,0.507780508,0.323309578,0.395072218,2037,0.3986,638
PX303/FG006/PX303-Fg006-V-C01-R01-D08032015-T120522-ML638__006.jpg,/Users/il239838/Development/models/ML638__006_125px_model400x50.ckpt,120,125,5000,0.513498469,0.320702242,0.394821314,2037,0.3844,638
PX303/FG006/PX303-Fg006-V-C01-R01-D08032015-T120529-ML656__007.jpg,/Users/il239838/Development/models/ML656__007_125px_model400x50.ckpt,0,125,7000,0.927374883,0.98846623,0.956946532,2352,0.03,656
PX303/FG006/PX303-Fg006-V-C01-R01-D08032015-T120529-ML656__007.jpg,/Users/il239838/Development/models/ML656__007_125px_model400x50.ckpt,5,125,5000,0.895846511,0.752434921,0.817901829,1940,0.147,656
PX303/FG006/PX303-Fg006-V-C01-R01-D08032015-T120529-ML656__007.jpg,/Users/il239838/Development/models/ML656__007_125px_model400x50.ckpt,10,125,5000,0.892456831,0.521692934,0.658471167,1940,0.2228,656
PX303/FG006/PX303-Fg006-V-C01-R01-D08032015-T120529-ML656__007.jpg,/Users/il239838/Development/models/ML656__007_125px_model400x50.ckpt,20,125,5000,0.833477509,0.341243138,0.484231687,1940,0.2824,656
PX303/FG006/PX303-Fg006-V-C01-R01-D08032015-T120529-ML656__007.jpg,/Users/il239838/Development/models/ML656__007_125px_model400x50.ckpt,40,125,5000,0.75952381,0.282450859,0.411772299,1940,0.3062,656
PX303/FG006/PX303-Fg006-V-C01-R01-D08032015-T120529-ML656__007.jpg,/Users/il239838/Development/models/ML656__007_125px_model400x50.ckpt,80,125,5000,0.578550725,0.176731008,0.270754205,1940,0.3664,656
PX303/FG006/PX303-Fg006-V-C01-R01-D08032015-T120529-ML656__007.jpg,/Users/il239838/Development/models/ML656__007_125px_model400x50.ckpt,120,125,5000,0.652523775,0.157959979,0.254348446,1940,0.3478,656
PX303/FG006/PX303-Fg006-V-C01-R01-D08032015-T120535-ML706__008.jpg,/Users/il239838/Development/models/ML706__008_125px_model400x50.ckpt,0,125,7000,0.72347542,0.993802757,0.837362143,2570,0.122,706
PX303/FG006/PX303-Fg006-V-C01-R01-D08032015-T120535-ML706__008.jpg,/Users/il239838/Development/models/ML706__008_125px_model400x50.ckpt,5,125,5000,0.695388851,0.878608696,0.776334998,2041,0.2078,706
PX303/FG006/PX303-Fg006-V-C01-R01-D08032015-T120535-ML706__008.jpg,/Users/il239838/Development/models/ML706__008_125px_model400x50.ckpt,10,125,5000,0.692331241,0.786608696,0.736465033,2041,0.2358,706
PX303/FG006/PX303-Fg006-V-C01-R01-D08032015-T120535-ML706__008.jpg,/Users/il239838/Development/models/ML706__008_125px_model400x50.ckpt,20,125,5000,0.663722944,0.666608696,0.66516269,2041,0.2808,706
PX303/FG006/PX303-Fg006-V-C01-R01-D08032015-T120535-ML706__008.jpg,/Users/il239838/Development/models/ML706__008_125px_model400x50.ckpt,40,125,5000,0.581935484,0.549043478,0.565011186,2041,0.3318,706
PX303/FG006/PX303-Fg006-V-C01-R01-D08032015-T120535-ML706__008.jpg,/Users/il239838/Development/models/ML706__008_125px_model400x50.ckpt,80,125,5000,0.534319302,0.490086957,0.511248186,2041,0.3726,706
PX303/FG006/PX303-Fg006-V-C01-R01-D08032015-T120535-ML706__008.jpg,/Users/il239838/Development/models/ML706__008_125px_model400x50.ckpt,120,125,5000,0.551102629,0.452,0.496655838,2041,0.366,706
PX303/FG006/PX303-Fg006-V-C01-R01-D08032015-T120541-ML728__009.jpg,/Users/il239838/Development/models/ML728__009_125px_model400x50.ckpt,0,125,7000,0.819774266,0.970082274,0.888617011,2570,0.079428571,728
PX303/FG006/PX303-Fg006-V-C01-R01-D08032015-T120541-ML728__009.jpg,/Users/il239838/Development/models/ML728__009_125px_model400x50.ckpt,5,125,5000,0.845539812,0.736869565,0.787473283,2041,0.1642,728
PX303/FG006/PX303-Fg006-V-C01-R01-D08032015-T120541-ML728__009.jpg,/Users/il239838/Development/models/ML728__009_125px_model400x50.ckpt,10,125,5000,0.773680405,0.55826087,0.648550359,2041,0.2432,728
PX303/FG006/PX303-Fg006-V-C01-R01-D08032015-T120541-ML728__009.jpg,/Users/il239838/Development/models/ML728__009_125px_model400x50.ckpt,20,125,5000,0.777372263,0.444521739,0.565611861,2041,0.2834,728
PX303/FG006/PX303-Fg006-V-C01-R01-D08032015-T120541-ML728__009.jpg,/Users/il239838/Development/models/ML728__009_125px_model400x50.ckpt,40,125,5000,0.641966992,0.331478261,0.437206102,2041,0.3428,728
PX303/FG006/PX303-Fg006-V-C01-R01-D08032015-T120541-ML728__009.jpg,/Users/il239838/Development/models/ML728__009_125px_model400x50.ckpt,80,125,5000,0.596153846,0.280347826,0.381357937,2041,0.3582,728
PX303/FG006/PX303-Fg006-V-C01-R01-D08032015-T120541-ML728__009.jpg,/Users/il239838/Development/models/ML728__009_125px_model400x50.ckpt,120,125,5000,0.619789474,0.256,0.362338462,2041,0.3534,728
PX303/FG006/PX303-Fg006-V-C01-R01-D08032015-T120548-ML772__010.jpg,/Users/il239838/Development/models/ML772__010_125px_model400x50.ckpt,0,125,7000,0.912812438,0.991131531,0.95036115,2570,0.036285714,772
PX303/FG006/PX303-Fg006-V-C01-R01-D08032015-T120548-ML772__010.jpg,/Users/il239838/Development/models/ML772__010_125px_model400x50.ckpt,5,125,5000,0.898801883,0.730608696,0.806024559,2041,0.1574,772
PX303/FG006/PX303-Fg006-V-C01-R01-D08032015-T120548-ML772__010.jpg,/Users/il239838/Development/models/ML772__010_125px_model400x50.ckpt,10,125,5000,0.873343152,0.515652174,0.648441771,2041,0.2352,772
PX303/FG006/PX303-Fg006-V-C01-R01-D08032015-T120548-ML772__010.jpg,/Users/il239838/Development/models/ML772__010_125px_model400x50.ckpt,20,125,5000,0.822128313,0.372173913,0.512390758,2041,0.2912,772
PX303/FG006/PX303-Fg006-V-C01-R01-D08032015-T120548-ML772__010.jpg,/Users/il239838/Development/models/ML772__010_125px_model400x50.ckpt,40,125,5000,0.70156503,0.226086957,0.341970275,2041,0.3478,772
PX303/FG006/PX303-Fg006-V-C01-R01-D08032015-T120548-ML772__010.jpg,/Users/il239838/Development/models/ML772__010_125px_model400x50.ckpt,80,125,5000,0.703658537,0.200695652,0.312313938,2041,0.354,772
PX303/FG006/PX303-Fg006-V-C01-R01-D08032015-T120548-ML772__010.jpg,/Users/il239838/Development/models/ML772__010_125px_model400x50.ckpt,120,125,5000,0.72572402,0.148173913,0.24610052,2041,0.37,772
PX303/FG006/PX303-Fg006-V-C01-R01-D08032015-T120553-ML858__011.jpg,/Users/il239838/Development/models/ML858__011_125px_model400x50.ckpt,0,125,7000,0.922371699,0.988994551,0.954522017,2570,0.033428571,858
PX303/FG006/PX303-Fg006-V-C01-R01-D08032015-T120553-ML858__011.jpg,/Users/il239838/Development/models/ML858__011_125px_model400x50.ckpt,5,125,5000,0.873458793,0.70226087,0.778559722,2041,0.1702,858
PX303/FG006/PX303-Fg006-V-C01-R01-D08032015-T120553-ML858__011.jpg,/Users/il239838/Development/models/ML858__011_125px_model400x50.ckpt,10,125,5000,0.846046382,0.526608696,0.649158538,2041,0.2362,858
PX303/FG006/PX303-Fg006-V-C01-R01-D08032015-T120553-ML858__011.jpg,/Users/il239838/Development/models/ML858__011_125px_model400x50.ckpt,20,125,5000,0.819054653,0.38573913,0.524473871,2041,0.2942,858
PX303/FG006/PX303-Fg006-V-C01-R01-D08032015-T120553-ML858__011.jpg,/Users/il239838/Development/models/ML858__011_125px_model400x50.ckpt,40,125,5000,0.734704927,0.236,0.357246281,2041,0.3358,858
PX303/FG006/PX303-Fg006-V-C01-R01-D08032015-T120553-ML858__011.jpg,/Users/il239838/Development/models/ML858__011_125px_model400x50.ckpt,80,125,5000,0.68696187,0.19426087,0.302874187,2041,0.366,858
PX303/FG006/PX303-Fg006-V-C01-R01-D08032015-T120553-ML858__011.jpg,/Users/il239838/Development/models/ML858__011_125px_model400x50.ckpt,120,125,5000,0.545385202,0.124347826,0.202520889,2041,0.394,858
PX303/FG006/PX303-Fg006-V-C01-R01-D08032015-T120605-ML924__012.jpg,/Users/il239838/Development/models/ML924__012_125px_model400x50.ckpt,0,125,7000,0.81799895,0.999358906,0.899629683,2570,0.072571429,924
PX303/FG006/PX303-Fg006-V-C01-R01-D08032015-T120605-ML924__012.jpg,/Users/il239838/Development/models/ML924__012_125px_model400x50.ckpt,5,125,5000,0.836989033,0.876,0.856050306,2041,0.1274,924
PX303/FG006/PX303-Fg006-V-C01-R01-D08032015-T120605-ML924__012.jpg,/Users/il239838/Development/models/ML924__012_125px_model400x50.ckpt,10,125,5000,0.809371472,0.748,0.7774765,2041,0.1868,924
PX303/FG006/PX303-Fg006-V-C01-R01-D08032015-T120605-ML924__012.jpg,/Users/il239838/Development/models/ML924__012_125px_model400x50.ckpt,20,125,5000,0.832683877,0.594608696,0.693790584,2041,0.2286,924
PX303/FG006/PX303-Fg006-V-C01-R01-D08032015-T120605-ML924__012.jpg,/Users/il239838/Development/models/ML924__012_125px_model400x50.ckpt,40,125,5000,0.690849134,0.437217391,0.53552029,2041,0.3082,924
PX303/FG006/PX303-Fg006-V-C01-R01-D08032015-T120605-ML924__012.jpg,/Users/il239838/Development/models/ML924__012_125px_model400x50.ckpt,80,125,5000,0.680039139,0.362608696,0.47300363,2041,0.3312,924
PX303/FG006/PX303-Fg006-V-C01-R01-D08032015-T120605-ML924__012.jpg,/Users/il239838/Development/models/ML924__012_125px_model400x50.ckpt,120,125,5000,0.544619905,0.257913043,0.35005311,2041,0.3878,924
PX303/FG006/PX303-Fg006-V-C01-R01-D08032015-T120502-ML445__001.jpg,/Users/il239838/Development/models/ML445__001_62px_model400x50.ckpt,0,62,7000,0.93899509,0.996894754,0.967079075,2352,0.026428571,445
PX303/FG006/PX303-Fg006-V-C01-R01-D08032015-T120502-ML445__001.jpg,/Users/il239838/Development/models/ML445__001_62px_model400x50.ckpt,5,62,5000,0.911233808,0.759872499,0.828698339,1940,0.129,445
PX303/FG006/PX303-Fg006-V-C01-R01-D08032015-T120502-ML445__001.jpg,/Users/il239838/Development/models/ML445__001_62px_model400x50.ckpt,10,62,5000,0.856119074,0.550026563,0.669757412,1940,0.2182,445
PX303/FG006/PX303-Fg006-V-C01-R01-D08032015-T120502-ML445__001.jpg,/Users/il239838/Development/models/ML445__001_62px_model400x50.ckpt,20,62,5000,0.831760361,0.358951656,0.501484414,1940,0.2778,445
PX303/FG006/PX303-Fg006-V-C01-R01-D08032015-T120502-ML445__001.jpg,/Users/il239838/Development/models/ML445__001_62px_model400x50.ckpt,40,62,5000,0.81215971,0.316982469,0.455992867,1940,0.2942,445
PX303/FG006/PX303-Fg006-V-C01-R01-D08032015-T120502-ML445__001.jpg,/Users/il239838/Development/models/ML445__001_62px_model400x50.ckpt,80,62,5000,0.670506912,0.206127147,0.315318976,1940,0.3466,445
PX303/FG006/PX303-Fg006-V-C01-R01-D08032015-T120502-ML445__001.jpg,/Users/il239838/Development/models/ML445__001_62px_model400x50.ckpt,120,62,5000,0.674655047,0.16451213,0.26452164,1940,0.3534,445
PX303/FG006/PX303-Fg006-V-C01-R01-D08032015-T120506-ML475__002.jpg,/Users/il239838/Development/models/ML475__002_62px_model400x50.ckpt,0,62,7000,0.915171289,0.995453033,0.953625498,2352,0.037857143,475
PX303/FG006/PX303-Fg006-V-C01-R01-D08032015-T120506-ML475__002.jpg,/Users/il239838/Development/models/ML475__002_62px_model400x50.ckpt,5,62,5000,0.896521739,0.730299274,0.804918513,1940,0.144,475
PX303/FG006/PX303-Fg006-V-C01-R01-D08032015-T120506-ML475__002.jpg,/Users/il239838/Development/models/ML475__002_62px_model400x50.ckpt,10,62,5000,0.838588371,0.513369931,0.636862917,1940,0.2374,475
PX303/FG006/PX303-Fg006-V-C01-R01-D08032015-T120506-ML475__002.jpg,/Users/il239838/Development/models/ML475__002_62px_model400x50.ckpt,20,62,5000,0.825471698,0.340888968,0.482516606,1940,0.2876,475
PX303/FG006/PX303-Fg006-V-C01-R01-D08032015-T120506-ML475__002.jpg,/Users/il239838/Development/models/ML475__002_62px_model400x50.ckpt,40,62,5000,0.725846003,0.262086063,0.385115795,1940,0.3246,475
PX303/FG006/PX303-Fg006-V-C01-R01-D08032015-T120506-ML475__002.jpg,/Users/il239838/Development/models/ML475__002_62px_model400x50.ckpt,80,62,5000,0.631054131,0.156897468,0.251311871,1940,0.3602,475
PX303/FG006/PX303-Fg006-V-C01-R01-D08032015-T120506-ML475__002.jpg,/Users/il239838/Development/models/ML475__002_62px_model400x50.ckpt,120,62,5000,0.592035398,0.118469984,0.197432492,1940,0.3672,475
PX303/FG006/PX303-Fg006-V-C01-R01-D08032015-T120502-ML445__001.jpg,/home/ubuntu/models/ML445__001_25px_model400x50.ckpt,0,25,7000,0.911815503,0.995342132,0.951749735,2352,0.042428571,445
PX303/FG006/PX303-Fg006-V-C01-R01-D08032015-T120502-ML445__001.jpg,/home/ubuntu/models/ML445__001_25px_model400x50.ckpt,5,25,5000,0.852316944,0.853373473,0.852844881,1940,0.1306,445
PX303/FG006/PX303-Fg006-V-C01-R01-D08032015-T120502-ML445__001.jpg,/home/ubuntu/models/ML445__001_25px_model400x50.ckpt,10,25,5000,0.836612489,0.692757216,0.75791921,1940,0.1846,445
PX303/FG006/PX303-Fg006-V-C01-R01-D08032015-T120502-ML445__001.jpg,/home/ubuntu/models/ML445__001_25px_model400x50.ckpt,20,25,5000,0.784680338,0.460775633,0.580609171,1940,0.272,445
PX303/FG006/PX303-Fg006-V-C01-R01-D08032015-T120502-ML445__001.jpg,/home/ubuntu/models/ML445__001_25px_model400x50.ckpt,40,25,5000,0.735283993,0.37825394,0.499532273,1940,0.292,445
PX303/FG006/PX303-Fg006-V-C01-R01-D08032015-T120502-ML445__001.jpg,/home/ubuntu/models/ML445__001_25px_model400x50.ckpt,80,25,5000,0.640106242,0.256065167,0.365798128,1940,0.3426,445
PX303/FG006/PX303-Fg006-V-C01-R01-D08032015-T120502-ML445__001.jpg,/home/ubuntu/models/ML445__001_25px_model400x50.ckpt,120,25,5000,0.648168103,0.213033469,0.320671731,1940,0.3514,445
PX303/FG006/PX303-Fg006-V-C01-R01-D08032015-T120506-ML475__002.jpg,/home/ubuntu/models/ML475__002_25px_model400x50.ckpt,0,25,7000,0.865766635,0.995674836,0.926187652,2352,0.057142857,475
PX303/FG006/PX303-Fg006-V-C01-R01-D08032015-T120506-ML475__002.jpg,/home/ubuntu/models/ML475__002_25px_model400x50.ckpt,5,25,5000,0.856764862,0.860102709,0.858430541,1940,0.1236,475
PX303/FG006/PX303-Fg006-V-C01-R01-D08032015-T120506-ML475__002.jpg,/home/ubuntu/models/ML475__002_25px_model400x50.ckpt,10,25,5000,0.779391826,0.712590756,0.744495837,1940,0.207,475
PX303/FG006/PX303-Fg006-V-C01-R01-D08032015-T120506-ML475__002.jpg,/home/ubuntu/models/ML475__002_25px_model400x50.ckpt,20,25,5000,0.751395905,0.500442713,0.600765306,1940,0.2712,475
PX303/FG006/PX303-Fg006-V-C01-R01-D08032015-T120506-ML475__002.jpg,/home/ubuntu/models/ML475__002_25px_model400x50.ckpt,40,25,5000,0.741071429,0.396847884,0.516895398,1940,0.2904,475
PX303/FG006/PX303-Fg006-V-C01-R01-D08032015-T120506-ML475__002.jpg,/home/ubuntu/models/ML475__002_25px_model400x50.ckpt,80,25,5000,0.647058824,0.276607048,0.38754497,1940,0.335,475
PX303/FG006/PX303-Fg006-V-C01-R01-D08032015-T120506-ML475__002.jpg,/home/ubuntu/models/ML475__002_25px_model400x50.ckpt,120,25,5000,0.655268022,0.251106782,0.363077711,1940,0.3416,475
PX303/FG006/PX303-Fg006-V-C01-R01-D08032015-T120510-ML499__003.jpg,/home/ubuntu/models/ML499__003_25px_model400x50.ckpt,0,25,7000,0.976344322,0.988688034,0.982477408,2352,0.013571429,499
PX303/FG006/PX303-Fg006-V-C01-R01-D08032015-T120510-ML499__003.jpg,/home/ubuntu/models/ML499__003_25px_model400x50.ckpt,5,25,5000,0.935014006,0.591110324,0.724313768,1940,0.1858,499
PX303/FG006/PX303-Fg006-V-C01-R01-D08032015-T120510-ML499__003.jpg,/home/ubuntu/models/ML499__003_25px_model400x50.ckpt,10,25,5000,0.911940987,0.350274482,0.506141249,1940,0.2712,499
PX303/FG006/PX303-Fg006-V-C01-R01-D08032015-T120510-ML499__003.jpg,/home/ubuntu/models/ML499__003_25px_model400x50.ckpt,20,25,5000,0.779674166,0.177970604,0.289792388,1940,0.3396,499
PX303/FG006/PX303-Fg006-V-C01-R01-D08032015-T120510-ML499__003.jpg,/home/ubuntu/models/ML499__003_25px_model400x50.ckpt,40,25,5000,0.7886873,0.130865947,0.224483597,1940,0.3492,499
PX303/FG006/PX303-Fg006-V-C01-R01-D08032015-T120510-ML499__003.jpg,/home/ubuntu/models/ML499__003_25px_model400x50.ckpt,80,25,5000,0.693009119,0.080750841,0.144647105,1940,0.3648,499
PX303/FG006/PX303-Fg006-V-C01-R01-D08032015-T120510-ML499__003.jpg,/home/ubuntu/models/ML499__003_25px_model400x50.ckpt,120,25,5000,0.625899281,0.061625642,0.112203772,1940,0.3766,499
PX303/FG006/PX303-Fg006-V-C01-R01-D08032015-T120515-ML540__004.jpg,/home/ubuntu/models/ML540__004_25px_model400x50.ckpt,0,25,7000,0.889526259,0.997449263,0.940401506,2352,0.040428571,540
PX303/FG006/PX303-Fg006-V-C01-R01-D08032015-T120515-ML540__004.jpg,/home/ubuntu/models/ML540__004_25px_model400x50.ckpt,0,25,7000,0.916343603,0.996118443,0.954567193,2352,0.037714286,540
PX303/FG006/PX303-Fg006-V-C01-R01-D08032015-T120515-ML540__004.jpg,/home/ubuntu/models/ML540__004_25px_model400x50.ckpt,5,25,5000,0.849107836,0.775278909,0.810515598,1940,0.1586,540
PX303/FG006/PX303-Fg006-V-C01-R01-D08032015-T120515-ML540__004.jpg,/home/ubuntu/models/ML540__004_25px_model400x50.ckpt,10,25,5000,0.787800888,0.596954135,0.679226274,1940,0.2416,540
PX303/FG006/PX303-Fg006-V-C01-R01-D08032015-T120515-ML540__004.jpg,/home/ubuntu/models/ML540__004_25px_model400x50.ckpt,20,25,5000,0.825460368,0.365149637,0.506322897,1940,0.2908,540
PX303/FG006/PX303-Fg006-V-C01-R01-D08032015-T120515-ML540__004.jpg,/home/ubuntu/models/ML540__004_25px_model400x50.ckpt,40,25,5000,0.772749157,0.284221711,0.415587778,1940,0.3144,540
PX303/FG006/PX303-Fg006-V-C01-R01-D08032015-T120515-ML540__004.jpg,/home/ubuntu/models/ML540__004_25px_model400x50.ckpt,80,25,5000,0.68379961,0.186116522,0.292594655,1940,0.3484,540
PX303/FG006/PX303-Fg006-V-C01-R01-D08032015-T120515-ML540__004.jpg,/home/ubuntu/models/ML540__004_25px_model400x50.ckpt,120,25,5000,0.649528706,0.134230565,0.222483123,1940,0.3662,540
PX303/FG006/PX303-Fg006-V-C01-R01-D08032015-T120519-ML595__005.jpg,/home/ubuntu/models/ML595__005_25px_model400x50.ckpt,0,25,7000,0.993449539,0.992347788,0.992898358,2352,0.006,595
PX303/FG006/PX303-Fg006-V-C01-R01-D08032015-T120519-ML595__005.jpg,/home/ubuntu/models/ML595__005_25px_model400x50.ckpt,5,25,5000,0.984565394,0.429254471,0.597854236,1940,0.2256,595
PX303/FG006/PX303-Fg006-V-C01-R01-D08032015-T120519-ML595__005.jpg,/home/ubuntu/models/ML595__005_25px_model400x50.ckpt,10,25,5000,0.870580387,0.231096157,0.365239295,1940,0.3122,595
PX303/FG006/PX303-Fg006-V-C01-R01-D08032015-T120519-ML595__005.jpg,/home/ubuntu/models/ML595__005_25px_model400x50.ckpt,20,25,5000,0.87242268,0.119886665,0.21080492,1940,0.3514,595
PX303/FG006/PX303-Fg006-V-C01-R01-D08032015-T120519-ML595__005.jpg,/home/ubuntu/models/ML595__005_25px_model400x50.ckpt,40,25,5000,0.78369906,0.088542589,0.15910899,1940,0.3646,595
PX303/FG006/PX303-Fg006-V-C01-R01-D08032015-T120519-ML595__005.jpg,/home/ubuntu/models/ML595__005_25px_model400x50.ckpt,80,25,5000,0.664041995,0.04480255,0.083941606,1940,0.3782,595
PX303/FG006/PX303-Fg006-V-C01-R01-D08032015-T120519-ML595__005.jpg,/home/ubuntu/models/ML595__005_25px_model400x50.ckpt,120,25,5000,0.674528302,0.02532318,0.048813791,1940,0.3814,595
PX303/FG006/PX303-Fg006-V-C01-R01-D08032015-T120522-ML638__006.jpg,/home/ubuntu/models/ML638__006_25px_model400x50.ckpt,0,25,7000,0.964351104,0.993013197,0.978472298,2352,0.014857143,638
PX303/FG006/PX303-Fg006-V-C01-R01-D08032015-T120522-ML638__006.jpg,/home/ubuntu/models/ML638__006_25px_model400x50.ckpt,5,25,5000,0.941027267,0.525588808,0.67446881,1940,0.209,638
PX303/FG006/PX303-Fg006-V-C01-R01-D08032015-T120522-ML638__006.jpg,/home/ubuntu/models/ML638__006_25px_model400x50.ckpt,10,25,5000,0.881621373,0.338941031,0.489639294,1940,0.2824,638
PX303/FG006/PX303-Fg006-V-C01-R01-D08032015-T120522-ML638__006.jpg,/home/ubuntu/models/ML638__006_25px_model400x50.ckpt,20,25,5000,0.91886608,0.166460067,0.28185907,1940,0.3336,638
PX303/FG006/PX303-Fg006-V-C01-R01-D08032015-T120522-ML638__006.jpg,/home/ubuntu/models/ML638__006_25px_model400x50.ckpt,40,25,5000,0.807570978,0.136001417,0.232797818,1940,0.35,638
PX303/FG006/PX303-Fg006-V-C01-R01-D08032015-T120522-ML638__006.jpg,/home/ubuntu/models/ML638__006_25px_model400x50.ckpt,80,25,5000,0.72425829,0.073490349,0.133440514,1940,0.3696,638
PX303/FG006/PX303-Fg006-V-C01-R01-D08032015-T120522-ML638__006.jpg,/home/ubuntu/models/ML638__006_25px_model400x50.ckpt,120,25,5000,0.621315193,0.048521339,0.090013141,1940,0.3852,638
PX303/FG006/PX303-Fg006-V-C01-R01-D08032015-T120529-ML656__007.jpg,/home/ubuntu/models/ML656__007_25px_model400x50.ckpt,0,25,7000,0.914323419,0.998890984,0.954738181,2352,0.033428571,656
PX303/FG006/PX303-Fg006-V-C01-R01-D08032015-T120529-ML656__007.jpg,/home/ubuntu/models/ML656__007_25px_model400x50.ckpt,0,25,7000,0.971555267,0.996229345,0.983737612,2352,0.011,656
PX303/FG006/PX303-Fg006-V-C01-R01-D08032015-T120529-ML656__007.jpg,/home/ubuntu/models/ML656__007_25px_model400x50.ckpt,5,25,5000,0.946835443,0.662298566,0.779410232,1940,0.159,656
PX303/FG006/PX303-Fg006-V-C01-R01-D08032015-T120529-ML656__007.jpg,/home/ubuntu/models/ML656__007_25px_model400x50.ckpt,10,25,5000,0.924497333,0.398972906,0.557397328,1940,0.2488,656
PX303/FG006/PX303-Fg006-V-C01-R01-D08032015-T120529-ML656__007.jpg,/home/ubuntu/models/ML656__007_25px_model400x50.ckpt,20,25,5000,0.873902634,0.19390827,0.317391304,1940,0.324,656
PX303/FG006/PX303-Fg006-V-C01-R01-D08032015-T120529-ML656__007.jpg,/home/ubuntu/models/ML656__007_25px_model400x50.ckpt,40,25,5000,0.789370079,0.142022313,0.240732403,1940,0.345,656
PX303/FG006/PX303-Fg006-V-C01-R01-D08032015-T120529-ML656__007.jpg,/home/ubuntu/models/ML656__007_25px_model400x50.ckpt,80,25,5000,0.786355476,0.077563308,0.141199226,1940,0.3634,656
PX303/FG006/PX303-Fg006-V-C01-R01-D08032015-T120529-ML656__007.jpg,/home/ubuntu/models/ML656__007_25px_model400x50.ckpt,120,25,5000,0.677725118,0.050646361,0.094249464,1940,0.3736,656
PX303/FG006/PX303-Fg006-V-C01-R01-D08032015-T120535-ML706__008.jpg,/home/ubuntu/models/ML706__008_25px_model400x50.ckpt,0,25,7000,0.983450241,0.995120328,0.989250868,2352,0.007,706
PX303/FG006/PX303-Fg006-V-C01-R01-D08032015-T120535-ML706__008.jpg,/home/ubuntu/models/ML706__008_25px_model400x50.ckpt,5,25,5000,0.957823567,0.526828404,0.679766937,1940,0.2064,706
PX303/FG006/PX303-Fg006-V-C01-R01-D08032015-T120535-ML706__008.jpg,/home/ubuntu/models/ML706__008_25px_model400x50.ckpt,10,25,5000,0.932549505,0.266867363,0.414980036,1940,0.2944,706
PX303/FG006/PX303-Fg006-V-C01-R01-D08032015-T120535-ML706__008.jpg,/home/ubuntu/models/ML706__008_25px_model400x50.ckpt,20,25,5000,0.950138504,0.121480432,0.215418433,1940,0.3406,706
PX303/FG006/PX303-Fg006-V-C01-R01-D08032015-T120535-ML706__008.jpg,/home/ubuntu/models/ML706__008_25px_model400x50.ckpt,40,25,5000,0.827458256,0.078979989,0.144196573,1940,0.3596,706
PX303/FG006/PX303-Fg006-V-C01-R01-D08032015-T120535-ML706__008.jpg,/home/ubuntu/models/ML706__008_25px_model400x50.ckpt,80,25,5000,0.837104072,0.032760758,0.063053851,1940,0.3726,706
PX303/FG006/PX303-Fg006-V-C01-R01-D08032015-T120535-ML706__008.jpg,/home/ubuntu/models/ML706__008_25px_model400x50.ckpt,120,25,5000,0.763157895,0.020541881,0.040006898,1940,0.3786,706
PX303/FG006/PX303-Fg006-V-C01-R01-D08032015-T120541-ML728__009.jpg,/home/ubuntu/models/ML728__009_25px_model400x50.ckpt,0,25,7000,0.98071744,0.996497373,0.988544438,2362,0.007285714,728
PX303/FG006/PX303-Fg006-V-C01-R01-D08032015-T120541-ML728__009.jpg,/home/ubuntu/models/ML728__009_25px_model400x50.ckpt,5,25,5000,0.969853837,0.564416091,0.713565588,1949,0.1922,728
PX303/FG006/PX303-Fg006-V-C01-R01-D08032015-T120541-ML728__009.jpg,/home/ubuntu/models/ML728__009_25px_model400x50.ckpt,10,25,5000,0.908478383,0.286726918,0.435883621,1949,0.289,728
PX303/FG006/PX303-Fg006-V-C01-R01-D08032015-T120541-ML728__009.jpg,/home/ubuntu/models/ML728__009_25px_model400x50.ckpt,20,25,5000,0.888888889,0.111997165,0.198929808,1949,0.3478,728
PX303/FG006/PX303-Fg006-V-C01-R01-D08032015-T120541-ML728__009.jpg,/home/ubuntu/models/ML728__009_25px_model400x50.ckpt,40,25,5000,0.771523179,0.082580188,0.149191612,1949,0.3636,728
PX303/FG006/PX303-Fg006-V-C01-R01-D08032015-T120541-ML728__009.jpg,/home/ubuntu/models/ML728__009_25px_model400x50.ckpt,80,25,5000,0.704347826,0.028708134,0.055167717,1949,0.3802,728
PX303/FG006/PX303-Fg006-V-C01-R01-D08032015-T120541-ML728__009.jpg,/home/ubuntu/models/ML728__009_25px_model400x50.ckpt,120,25,5000,0.782122905,0.024809498,0.048093439,1949,0.38,728
PX303/FG006/PX303-Fg006-V-C01-R01-D08032015-T120548-ML772__010.jpg,/home/ubuntu/models/ML772__010_25px_model400x50.ckpt,0,25,7000,0.98368856,0.990148862,0.986908139,2362,0.007285714,772
PX303/FG006/PX303-Fg006-V-C01-R01-D08032015-T120548-ML772__010.jpg,/home/ubuntu/models/ML772__010_25px_model400x50.ckpt,5,25,5000,0.958188153,0.487329435,0.646070715,1949,0.2152,772
PX303/FG006/PX303-Fg006-V-C01-R01-D08032015-T120548-ML772__010.jpg,/home/ubuntu/models/ML772__010_25px_model400x50.ckpt,10,25,5000,0.92543554,0.235335814,0.375247245,1949,0.3008,772
PX303/FG006/PX303-Fg006-V-C01-R01-D08032015-T120548-ML772__010.jpg,/home/ubuntu/models/ML772__010_25px_model400x50.ckpt,20,25,5000,0.91575663,0.104022683,0.186823679,1949,0.3492,772
PX303/FG006/PX303-Fg006-V-C01-R01-D08032015-T120548-ML772__010.jpg,/home/ubuntu/models/ML772__010_25px_model400x50.ckpt,0,25,7000,0.98477599,0.991243433,0.987999127,2362,0.007142857,772
PX303/FG006/PX303-Fg006-V-C01-R01-D08032015-T120548-ML772__010.jpg,/home/ubuntu/models/ML772__010_25px_model400x50.ckpt,5,25,5000,0.960822094,0.530214425,0.683339043,1949,0.1964,772
PX303/FG006/PX303-Fg006-V-C01-R01-D08032015-T120548-ML772__010.jpg,/home/ubuntu/models/ML772__010_25px_model400x50.ckpt,10,25,5000,0.895530726,0.284068758,0.43131979,1949,0.2854,772
PX303/FG006/PX303-Fg006-V-C01-R01-D08032015-T120548-ML772__010.jpg,/home/ubuntu/models/ML772__010_25px_model400x50.ckpt,20,25,5000,0.865756542,0.134857345,0.233363999,1949,0.3412,772
PX303/FG006/PX303-Fg006-V-C01-R01-D08032015-T120548-ML772__010.jpg,/home/ubuntu/models/ML772__010_25px_model400x50.ckpt,40,25,5000,0.828178694,0.085415559,0.154859438,1949,0.3566,772
PX303/FG006/PX303-Fg006-V-C01-R01-D08032015-T120548-ML772__010.jpg,/home/ubuntu/models/ML772__010_25px_model400x50.ckpt,80,25,5000,0.789473684,0.037214248,0.071078017,1949,0.3738,772
PX303/FG006/PX303-Fg006-V-C01-R01-D08032015-T120548-ML772__010.jpg,/home/ubuntu/models/ML772__010_25px_model400x50.ckpt,120,25,5000,0.751219512,0.027290448,0.052667579,1949,0.3782,772
PX303/FG006/PX303-Fg006-V-C01-R01-D08032015-T120553-ML858__011.jpg,/home/ubuntu/models/ML858__011_25px_model400x50.ckpt,0,25,7000,0.989486365,0.988944834,0.989215525,2362,0.006142857,858
PX303/FG006/PX303-Fg006-V-C01-R01-D08032015-T120553-ML858__011.jpg,/home/ubuntu/models/ML858__011_25px_model400x50.ckpt,5,25,5000,0.967972871,0.455254297,0.619259973,1949,0.2266,858
PX303/FG006/PX303-Fg006-V-C01-R01-D08032015-T120553-ML858__011.jpg,/home/ubuntu/models/ML858__011_25px_model400x50.ckpt,10,25,5000,0.91317145,0.219918483,0.354470151,1949,0.3132,858
PX303/FG006/PX303-Fg006-V-C01-R01-D08032015-T120553-ML858__011.jpg,/home/ubuntu/models/ML858__011_25px_model400x50.ckpt,20,25,5000,0.895061728,0.12847776,0.224701689,1949,0.3506,858
PX303/FG006/PX303-Fg006-V-C01-R01-D08032015-T120553-ML858__011.jpg,/home/ubuntu/models/ML858__011_25px_model400x50.ckpt,40,25,5000,0.90562249,0.079922027,0.146881615,1949,0.3622,858
PX303/FG006/PX303-Fg006-V-C01-R01-D08032015-T120553-ML858__011.jpg,/home/ubuntu/models/ML858__011_25px_model400x50.ckpt,80,25,5000,0.753623188,0.02764487,0.053333333,1949,0.384,858
PX303/FG006/PX303-Fg006-V-C01-R01-D08032015-T120553-ML858__011.jpg,/home/ubuntu/models/ML858__011_25px_model400x50.ckpt,120,25,5000,0.741007194,0.018252702,0.03562781,1949,0.3844,858
PX303/FG006/PX303-Fg006-V-C01-R01-D08032015-T120605-ML924__012.jpg,/home/ubuntu/models/ML924__012_25px_model400x50.ckpt,0,25,7000,0.969970623,0.990555556,0.980155022,2299,0.015285714,924
PX303/FG006/PX303-Fg006-V-C01-R01-D08032015-T120605-ML924__012.jpg,/home/ubuntu/models/ML924__012_25px_model400x50.ckpt,5,25,5000,0.940623321,0.602063629,0.734193142,1944,0.1818,924
PX303/FG006/PX303-Fg006-V-C01-R01-D08032015-T120605-ML924__012.jpg,/home/ubuntu/models/ML924__012_25px_model400x50.ckpt,10,25,5000,0.902966102,0.366466036,0.521345566,1944,0.2668,924
PX303/FG006/PX303-Fg006-V-C01-R01-D08032015-T120605-ML924__012.jpg,/home/ubuntu/models/ML924__012_25px_model400x50.ckpt,20,25,5000,0.820805773,0.234737747,0.365070875,1944,0.3162,924
PX303/FG006/PX303-Fg006-V-C01-R01-D08032015-T120605-ML924__012.jpg,/home/ubuntu/models/ML924__012_25px_model400x50.ckpt,40,25,5000,0.76146789,0.142734308,0.240405503,1944,0.3586,924
PX303/FG006/PX303-Fg006-V-C01-R01-D08032015-T120605-ML924__012.jpg,/home/ubuntu/models/ML924__012_25px_model400x50.ckpt,80,25,5000,0.790890269,0.065692175,0.121308352,1944,0.3718,924
PX303/FG006/PX303-Fg006-V-C01-R01-D08032015-T120605-ML924__012.jpg,/home/ubuntu/models/ML924__012_25px_model400x50.ckpt,120,25,5000,0.532731377,0.040584695,0.075423458,1944,0.3882,924
PX303/FG006/PX303-Fg006-V-C01-R01-D08032015-T120502-ML445__001.jpg,/home/ubuntu/models/ML445__001_62px_model400x50.ckpt,0,62,7000,0.8851785,0.97892869,0.92969614,2352,0.053285714,445
PX303/FG006/PX303-Fg006-V-C01-R01-D08032015-T120502-ML445__001.jpg,/home/ubuntu/models/ML445__001_62px_model400x50.ckpt,5,62,5000,0.876852077,0.639277492,0.739451045,1940,0.1696,445
PX303/FG006/PX303-Fg006-V-C01-R01-D08032015-T120502-ML445__001.jpg,/home/ubuntu/models/ML445__001_62px_model400x50.ckpt,10,62,5000,0.871615164,0.484505047,0.622809014,1940,0.2336,445
PX303/FG006/PX303-Fg006-V-C01-R01-D08032015-T120502-ML445__001.jpg,/home/ubuntu/models/ML445__001_62px_model400x50.ckpt,20,62,5000,0.791684345,0.330440942,0.466266867,1940,0.2952,445
PX303/FG006/PX303-Fg006-V-C01-R01-D08032015-T120502-ML445__001.jpg,/home/ubuntu/models/ML445__001_62px_model400x50.ckpt,40,62,5000,0.733791749,0.264565256,0.388910582,1940,0.3232,445
PX303/FG006/PX303-Fg006-V-C01-R01-D08032015-T120502-ML445__001.jpg,/home/ubuntu/models/ML445__001_62px_model400x50.ckpt,80,62,5000,0.608148148,0.145386931,0.234672002,1940,0.361,445
PX303/FG006/PX303-Fg006-V-C01-R01-D08032015-T120502-ML445__001.jpg,/home/ubuntu/models/ML445__001_62px_model400x50.ckpt,120,62,5000,0.572147651,0.120772091,0.199444363,1940,0.37,445
PX303/FG006/PX303-Fg006-V-C01-R01-D08032015-T120506-ML475__002.jpg,/home/ubuntu/models/ML475__002_62px_model400x50.ckpt,0,62,7000,0.903914591,0.985915493,0.943136007,2352,0.045142857,475
PX303/FG006/PX303-Fg006-V-C01-R01-D08032015-T120506-ML475__002.jpg,/home/ubuntu/models/ML475__002_62px_model400x50.ckpt,5,62,5000,0.885986827,0.690809279,0.776318408,1940,0.1608,475
PX303/FG006/PX303-Fg006-V-C01-R01-D08032015-T120506-ML475__002.jpg,/home/ubuntu/models/ML475__002_62px_model400x50.ckpt,10,62,5000,0.803596516,0.506463609,0.621333913,1940,0.2448,475
PX303/FG006/PX303-Fg006-V-C01-R01-D08032015-T120506-ML475__002.jpg,/home/ubuntu/models/ML475__002_62px_model400x50.ckpt,20,62,5000,0.775655264,0.309190721,0.44213725,1940,0.3174,475
PX303/FG006/PX303-Fg006-V-C01-R01-D08032015-T120506-ML475__002.jpg,/home/ubuntu/models/ML475__002_62px_model400x50.ckpt,40,62,5000,0.739908257,0.285638392,0.412163025,1940,0.3216,475
PX303/FG006/PX303-Fg006-V-C01-R01-D08032015-T120506-ML475__002.jpg,/home/ubuntu/models/ML475__002_62px_model400x50.ckpt,80,62,5000,0.652573529,0.188595715,0.292622613,1940,0.3532,475
PX303/FG006/PX303-Fg006-V-C01-R01-D08032015-T120506-ML475__002.jpg,/home/ubuntu/models/ML475__002_62px_model400x50.ckpt,120,62,5000,0.607168983,0.146980698,0.236669518,1940,0.3644,475
PX303/FG006/PX303-Fg006-V-C01-R01-D08032015-T120510-ML499__003.jpg,/home/ubuntu/models/ML499__003_62px_model400x50.ckpt,0,62,7000,0.869303275,0.992125984,0.926662523,2352,0.058285714,499
PX303/FG006/PX303-Fg006-V-C01-R01-D08032015-T120510-ML499__003.jpg,/home/ubuntu/models/ML499__003_62px_model400x50.ckpt,5,62,5000,0.816663608,0.788029042,0.802090844,1940,0.1584,499
PX303/FG006/PX303-Fg006-V-C01-R01-D08032015-T120510-ML499__003.jpg,/home/ubuntu/models/ML499__003_62px_model400x50.ckpt,10,62,5000,0.743171806,0.59748539,0.662412879,1940,0.2476,499
PX303/FG006/PX303-Fg006-V-C01-R01-D08032015-T120510-ML499__003.jpg,/home/ubuntu/models/ML499__003_62px_model400x50.ckpt,20,62,5000,0.761700725,0.409243846,0.53242714,1940,0.2826,499
PX303/FG006/PX303-Fg006-V-C01-R01-D08032015-T120510-ML499__003.jpg,/home/ubuntu/models/ML499__003_62px_model400x50.ckpt,40,62,5000,0.671988893,0.342836905,0.454033771,1940,0.3156,499
PX303/FG006/PX303-Fg006-V-C01-R01-D08032015-T120510-ML499__003.jpg,/home/ubuntu/models/ML499__003_62px_model400x50.ckpt,80,62,5000,0.614026718,0.227908624,0.332429291,1940,0.3556,499
PX303/FG006/PX303-Fg006-V-C01-R01-D08032015-T120510-ML499__003.jpg,/home/ubuntu/models/ML499__003_62px_model400x50.ckpt,120,62,5000,0.507260407,0.185585267,0.271748995,1940,0.3792,499
PX303/FG006/PX303-Fg006-V-C01-R01-D08032015-T120515-ML540__004.jpg,/home/ubuntu/models/ML540__004_62px_model400x50.ckpt,0,62,7000,0.893334684,0.978041477,0.933770978,2352,0.052857143,540
PX303/FG006/PX303-Fg006-V-C01-R01-D08032015-T120515-ML540__004.jpg,/home/ubuntu/models/ML540__004_62px_model400x50.ckpt,5,62,5000,0.810997329,0.645121303,0.718611303,1940,0.2014,540
PX303/FG006/PX303-Fg006-V-C01-R01-D08032015-T120515-ML540__004.jpg,/home/ubuntu/models/ML540__004_62px_model400x50.ckpt,10,62,5000,0.736130667,0.462900655,0.568384431,1940,0.2828,540
PX303/FG006/PX303-Fg006-V-C01-R01-D08032015-T120515-ML540__004.jpg,/home/ubuntu/models/ML540__004_62px_model400x50.ckpt,20,62,5000,0.767106348,0.329555516,0.461042983,1940,0.3094,540
PX303/FG006/PX303-Fg006-V-C01-R01-D08032015-T120515-ML540__004.jpg,/home/ubuntu/models/ML540__004_62px_model400x50.ckpt,40,62,5000,0.695900858,0.25854436,0.377017431,1940,0.3276,540
PX303/FG006/PX303-Fg006-V-C01-R01-D08032015-T120515-ML540__004.jpg,/home/ubuntu/models/ML540__004_62px_model400x50.ckpt,80,62,5000,0.64676259,0.159199575,0.255506608,1940,0.3598,540
PX303/FG006/PX303-Fg006-V-C01-R01-D08032015-T120515-ML540__004.jpg,/home/ubuntu/models/ML540__004_62px_model400x50.ckpt,120,62,5000,0.557788945,0.137595183,0.220738636,1940,0.373,540
PX303/FG006/PX303-Fg006-V-C01-R01-D08032015-T120519-ML595__005.jpg,/home/ubuntu/models/ML595__005_62px_model400x50.ckpt,0,62,7000,0.946848092,0.987800821,0.966891012,2352,0.025,595
PX303/FG006/PX303-Fg006-V-C01-R01-D08032015-T120519-ML595__005.jpg,/home/ubuntu/models/ML595__005_62px_model400x50.ckpt,5,62,5000,0.919787673,0.55232867,0.690196946,1940,0.2002,595
PX303/FG006/PX303-Fg006-V-C01-R01-D08032015-T120519-ML595__005.jpg,/home/ubuntu/models/ML595__005_62px_model400x50.ckpt,10,62,5000,0.894160584,0.347086949,0.500063784,1940,0.2708,595
PX303/FG006/PX303-Fg006-V-C01-R01-D08032015-T120519-ML595__005.jpg,/home/ubuntu/models/ML595__005_62px_model400x50.ckpt,20,62,5000,0.887888707,0.192137418,0.315912069,1940,0.3228,595
PX303/FG006/PX303-Fg006-V-C01-R01-D08032015-T120519-ML595__005.jpg,/home/ubuntu/models/ML595__005_62px_model400x50.ckpt,0,62,7000,0.867997674,0.993235001,0.926402896,2352,0.056,595
PX303/FG006/PX303-Fg006-V-C01-R01-D08032015-T120519-ML595__005.jpg,/home/ubuntu/models/ML595__005_62px_model400x50.ckpt,5,62,5000,0.865010591,0.795466619,0.828782288,1940,0.1496,595
PX303/FG006/PX303-Fg006-V-C01-R01-D08032015-T120519-ML595__005.jpg,/home/ubuntu/models/ML595__005_62px_model400x50.ckpt,10,62,5000,0.82620883,0.626350274,0.712530218,1940,0.2172,595
PX303/FG006/PX303-Fg006-V-C01-R01-D08032015-T120519-ML595__005.jpg,/home/ubuntu/models/ML595__005_62px_model400x50.ckpt,20,62,5000,0.777279522,0.460421463,0.578291815,1940,0.2762,595
PX303/FG006/PX303-Fg006-V-C01-R01-D08032015-T120519-ML595__005.jpg,/home/ubuntu/models/ML595__005_62px_model400x50.ckpt,40,62,5000,0.689036545,0.367274659,0.479149821,1940,0.3162,595
PX303/FG006/PX303-Fg006-V-C01-R01-D08032015-T120519-ML595__005.jpg,/home/ubuntu/models/ML595__005_62px_model400x50.ckpt,80,62,5000,0.546734955,0.226846113,0.320650814,1940,0.3772,595
PX303/FG006/PX303-Fg006-V-C01-R01-D08032015-T120519-ML595__005.jpg,/home/ubuntu/models/ML595__005_62px_model400x50.ckpt,120,62,5000,0.628919861,0.191783248,0.293934048,1940,0.3612,595
PX303/FG006/PX303-Fg006-V-C01-R01-D08032015-T120522-ML638__006.jpg,/home/ubuntu/models/ML638__006_62px_model400x50.ckpt,0,62,7000,0.972197898,0.98502828,0.978571035,2352,0.013571429,638
PX303/FG006/PX303-Fg006-V-C01-R01-D08032015-T120522-ML638__006.jpg,/home/ubuntu/models/ML638__006_62px_model400x50.ckpt,5,62,5000,0.933211345,0.361253763,0.520873229,1940,0.2646,638
PX303/FG006/PX303-Fg006-V-C01-R01-D08032015-T120522-ML638__006.jpg,/home/ubuntu/models/ML638__006_62px_model400x50.ckpt,10,62,5000,0.916666667,0.210377191,0.342215181,1940,0.3134,638
PX303/FG006/PX303-Fg006-V-C01-R01-D08032015-T120522-ML638__006.jpg,/home/ubuntu/models/ML638__006_62px_model400x50.ckpt,20,62,5000,0.940099834,0.100053126,0.180857875,1940,0.3518,638
PX303/FG006/PX303-Fg006-V-C01-R01-D08032015-T120522-ML638__006.jpg,/home/ubuntu/models/ML638__006_62px_model400x50.ckpt,40,62,5000,0.808743169,0.078625819,0.14331827,1940,0.367,638
PX303/FG006/PX303-Fg006-V-C01-R01-D08032015-T120522-ML638__006.jpg,/home/ubuntu/models/ML638__006_62px_model400x50.ckpt,80,62,5000,0.727642276,0.031698247,0.060750042,1940,0.3802,638
PX303/FG006/PX303-Fg006-V-C01-R01-D08032015-T120522-ML638__006.jpg,/home/ubuntu/models/ML638__006_62px_model400x50.ckpt,120,62,5000,0.627802691,0.024791925,0.04770017,1940,0.3826,638
PX303/FG006/PX303-Fg006-V-C01-R01-D08032015-T120529-ML656__007.jpg,/home/ubuntu/models/ML656__007_62px_model400x50.ckpt,0,62,7000,0.974665652,0.994122214,0.984297793,2352,0.010428571,656
PX303/FG006/PX303-Fg006-V-C01-R01-D08032015-T120529-ML656__007.jpg,/home/ubuntu/models/ML656__007_62px_model400x50.ckpt,5,62,5000,0.945085256,0.667434036,0.782355994,1940,0.1598,656
PX303/FG006/PX303-Fg006-V-C01-R01-D08032015-T120529-ML656__007.jpg,/home/ubuntu/models/ML656__007_62px_model400x50.ckpt,10,62,5000,0.901148482,0.389056136,0.543475572,1940,0.2592,656
PX303/FG006/PX303-Fg006-V-C01-R01-D08032015-T120529-ML656__007.jpg,/home/ubuntu/models/ML656__007_62px_model400x50.ckpt,20,62,5000,0.905426357,0.206835488,0.336744991,1940,0.3138,656
PX303/FG006/PX303-Fg006-V-C01-R01-D08032015-T120529-ML656__007.jpg,/home/ubuntu/models/ML656__007_62px_model400x50.ckpt,40,62,5000,0.79076087,0.15459536,0.258628351,1940,0.344,656
PX303/FG006/PX303-Fg006-V-C01-R01-D08032015-T120529-ML656__007.jpg,/home/ubuntu/models/ML656__007_62px_model400x50.ckpt,80,62,5000,0.68719611,0.075084115,0.135376756,1940,0.371,656
PX303/FG006/PX303-Fg006-V-C01-R01-D08032015-T120529-ML656__007.jpg,/home/ubuntu/models/ML656__007_62px_model400x50.ckpt,120,62,5000,0.720073665,0.069240305,0.126332795,1940,0.368,656
PX303/FG006/PX303-Fg006-V-C01-R01-D08032015-T120535-ML706__008.jpg,/home/ubuntu/models/ML706__008_62px_model400x50.ckpt,0,62,7000,0.950317125,0.997005656,0.973101694,2352,0.020857143,706
PX303/FG006/PX303-Fg006-V-C01-R01-D08032015-T120535-ML706__008.jpg,/home/ubuntu/models/ML706__008_62px_model400x50.ckpt,5,62,5000,0.924431963,0.641225429,0.757214555,1940,0.1724,706
PX303/FG006/PX303-Fg006-V-C01-R01-D08032015-T120535-ML706__008.jpg,/home/ubuntu/models/ML706__008_62px_model400x50.ckpt,10,62,5000,0.926609635,0.364441296,0.523131673,1940,0.2608,706
PX303/FG006/PX303-Fg006-V-C01-R01-D08032015-T120535-ML706__008.jpg,/home/ubuntu/models/ML706__008_62px_model400x50.ckpt,20,62,5000,0.866900175,0.175314326,0.291648255,1940,0.329,706
PX303/FG006/PX303-Fg006-V-C01-R01-D08032015-T120535-ML706__008.jpg,/home/ubuntu/models/ML706__008_62px_model400x50.ckpt,40,62,5000,0.718132855,0.141668142,0.236651383,1940,0.3526,706
PX303/FG006/PX303-Fg006-V-C01-R01-D08032015-T120535-ML706__008.jpg,/home/ubuntu/models/ML706__008_62px_model400x50.ckpt,80,62,5000,0.721753794,0.075792456,0.137179487,1940,0.368,706
PX303/FG006/PX303-Fg006-V-C01-R01-D08032015-T120535-ML706__008.jpg,/home/ubuntu/models/ML706__008_62px_model400x50.ckpt,120,62,5000,0.763209393,0.069063219,0.126664501,1940,0.3666,706
PX303/FG006/PX303-Fg006-V-C01-R01-D08032015-T120541-ML728__009.jpg,/home/ubuntu/models/ML728__009_62px_model400x50.ckpt,0,62,7000,0.948666384,0.981063923,0.964593198,2362,0.023714286,728
PX303/FG006/PX303-Fg006-V-C01-R01-D08032015-T120541-ML728__009.jpg,/home/ubuntu/models/ML728__009_62px_model400x50.ckpt,5,62,5000,0.903608377,0.634591529,0.745575682,1949,0.1736,728
PX303/FG006/PX303-Fg006-V-C01-R01-D08032015-T120541-ML728__009.jpg,/home/ubuntu/models/ML728__009_62px_model400x50.ckpt,10,62,5000,0.938818565,0.394293815,0.55534756,1949,0.2432,728
PX303/FG006/PX303-Fg006-V-C01-R01-D08032015-T120541-ML728__009.jpg,/home/ubuntu/models/ML728__009_62px_model400x50.ckpt,20,62,5000,0.880184332,0.236930711,0.373359397,1949,0.3068,728
PX303/FG006/PX303-Fg006-V-C01-R01-D08032015-T120541-ML728__009.jpg,/home/ubuntu/models/ML728__009_62px_model400x50.ckpt,40,62,5000,0.748220641,0.149034202,0.248559184,1949,0.342,728
PX303/FG006/PX303-Fg006-V-C01-R01-D08032015-T120541-ML728__009.jpg,/home/ubuntu/models/ML728__009_62px_model400x50.ckpt,80,62,5000,0.702849389,0.091795144,0.162382445,1949,0.3618,728
PX303/FG006/PX303-Fg006-V-C01-R01-D08032015-T120541-ML728__009.jpg,/home/ubuntu/models/ML728__009_62px_model400x50.ckpt,120,62,5000,0.638888889,0.069289385,0.125019984,1949,0.3706,728
PX303/FG006/PX303-Fg006-V-C01-R01-D08032015-T120548-ML772__010.jpg,/home/ubuntu/models/ML772__010_62px_model400x50.ckpt,0,62,7000,0.979522928,0.984347636,0.981929355,2362,0.011142857,772
PX303/FG006/PX303-Fg006-V-C01-R01-D08032015-T120548-ML772__010.jpg,/home/ubuntu/models/ML772__010_62px_model400x50.ckpt,5,62,5000,0.965590635,0.482367535,0.643346727,1949,0.2106,772
PX303/FG006/PX303-Fg006-V-C01-R01-D08032015-T120548-ML772__010.jpg,/home/ubuntu/models/ML772__010_62px_model400x50.ckpt,10,62,5000,0.932032725,0.262449052,0.409568584,1949,0.29,772
PX303/FG006/PX303-Fg006-V-C01-R01-D08032015-T120548-ML772__010.jpg,/home/ubuntu/models/ML772__010_62px_model400x50.ckpt,0,62,7000,0.977884826,0.977670753,0.977777778,2362,0.013714286,772
PX303/FG006/PX303-Fg006-V-C01-R01-D08032015-T120548-ML772__010.jpg,/home/ubuntu/models/ML772__010_62px_model400x50.ckpt,5,62,5000,0.963001383,0.493531809,0.652606913,1949,0.2076,772
PX303/FG006/PX303-Fg006-V-C01-R01-D08032015-T120548-ML772__010.jpg,/home/ubuntu/models/ML772__010_62px_model400x50.ckpt,10,62,5000,0.914987406,0.257487152,0.401880791,1949,0.2916,772
PX303/FG006/PX303-Fg006-V-C01-R01-D08032015-T120548-ML772__010.jpg,/home/ubuntu/models/ML772__010_62px_model400x50.ckpt,20,62,5000,0.884928717,0.153996101,0.262339623,1949,0.33,772
PX303/FG006/PX303-Fg006-V-C01-R01-D08032015-T120548-ML772__010.jpg,/home/ubuntu/models/ML772__010_62px_model400x50.ckpt,40,62,5000,0.797452229,0.1109339,0.194772869,1949,0.3516,772
PX303/FG006/PX303-Fg006-V-C01-R01-D08032015-T120548-ML772__010.jpg,/home/ubuntu/models/ML772__010_62px_model400x50.ckpt,80,62,5000,0.741239892,0.048732943,0.091453276,1949,0.3744,772
PX303/FG006/PX303-Fg006-V-C01-R01-D08032015-T120548-ML772__010.jpg,/home/ubuntu/models/ML772__010_62px_model400x50.ckpt,120,62,5000,0.849315068,0.043948254,0.08357203,1949,0.3746,772
PX303/FG006/PX303-Fg006-V-C01-R01-D08032015-T120553-ML858__011.jpg,/home/ubuntu/models/ML858__011_62px_model400x50.ckpt,0,62,7000,0.97215627,0.985989492,0.979024019,2362,0.013571429,858
PX303/FG006/PX303-Fg006-V-C01-R01-D08032015-T120553-ML858__011.jpg,/home/ubuntu/models/ML858__011_62px_model400x50.ckpt,5,62,5000,0.952913279,0.498493709,0.654566608,1949,0.2086,858
PX303/FG006/PX303-Fg006-V-C01-R01-D08032015-T120553-ML858__011.jpg,/home/ubuntu/models/ML858__011_62px_model400x50.ckpt,10,62,5000,0.909677419,0.274853801,0.422155689,1949,0.2926,858
PX303/FG006/PX303-Fg006-V-C01-R01-D08032015-T120553-ML858__011.jpg,/home/ubuntu/models/ML858__011_62px_model400x50.ckpt,20,62,5000,0.88209607,0.178982811,0.297583972,1949,0.3326,858
PX303/FG006/PX303-Fg006-V-C01-R01-D08032015-T120553-ML858__011.jpg,/home/ubuntu/models/ML858__011_62px_model400x50.ckpt,40,62,5000,0.739678899,0.114300904,0.198004605,1949,0.3602,858
PX303/FG006/PX303-Fg006-V-C01-R01-D08032015-T120553-ML858__011.jpg,/home/ubuntu/models/ML858__011_62px_model400x50.ckpt,80,62,5000,0.80952381,0.057239057,0.106918239,1949,0.3752,858
PX303/FG006/PX303-Fg006-V-C01-R01-D08032015-T120553-ML858__011.jpg,/home/ubuntu/models/ML858__011_62px_model400x50.ckpt,120,62,5000,0.730593607,0.028353713,0.054588878,1949,0.3832,858
PX303/FG006/PX303-Fg006-V-C01-R01-D08032015-T120605-ML924__012.jpg,/home/ubuntu/models/ML924__012_62px_model400x50.ckpt,0,62,7000,0.959686089,0.991888889,0.975521801,2299,0.018,924
PX303/FG006/PX303-Fg006-V-C01-R01-D08032015-T120605-ML924__012.jpg,/home/ubuntu/models/ML924__012_62px_model400x50.ckpt,5,62,5000,0.940582636,0.560791058,0.702650291,1944,0.1984,924
PX303/FG006/PX303-Fg006-V-C01-R01-D08032015-T120605-ML924__012.jpg,/home/ubuntu/models/ML924__012_62px_model400x50.ckpt,10,62,5000,0.904634581,0.349097163,0.503784589,1944,0.2746,924
PX303/FG006/PX303-Fg006-V-C01-R01-D08032015-T120605-ML924__012.jpg,/home/ubuntu/models/ML924__012_62px_model400x50.ckpt,20,62,5000,0.917155425,0.215133276,0.348516506,1944,0.3206,924
PX303/FG006/PX303-Fg006-V-C01-R01-D08032015-T120605-ML924__012.jpg,/home/ubuntu/models/ML924__012_62px_model400x50.ckpt,0,62,7000,0.990155498,0.983444444,0.986788561,2299,0.01,924
PX303/FG006/PX303-Fg006-V-C01-R01-D08032015-T120605-ML924__012.jpg,/home/ubuntu/models/ML924__012_62px_model400x50.ckpt,5,62,5000,0.961218837,0.298366294,0.455380577,1944,0.2826,924
PX303/FG006/PX303-Fg006-V-C01-R01-D08032015-T120605-ML924__012.jpg,/home/ubuntu/models/ML924__012_62px_model400x50.ckpt,10,62,5000,0.922363847,0.13688736,0.238394729,1944,0.3378,924
PX303/FG006/PX303-Fg006-V-C01-R01-D08032015-T120605-ML924__012.jpg,/home/ubuntu/models/ML924__012_62px_model400x50.ckpt,20,62,5000,0.933867735,0.080137575,0.147608489,1944,0.362,924
PX303/FG006/PX303-Fg006-V-C01-R01-D08032015-T120605-ML924__012.jpg,/home/ubuntu/models/ML924__012_62px_model400x50.ckpt,40,62,5000,0.918181818,0.034737747,0.066942833,1944,0.3774,924
PX303/FG006/PX303-Fg006-V-C01-R01-D08032015-T120605-ML924__012.jpg,/home/ubuntu/models/ML924__012_62px_model400x50.ckpt,80,62,5000,0.809917355,0.016852966,0.033018868,1944,0.384,924
PX303/FG006/PX303-Fg006-V-C01-R01-D08032015-T120605-ML924__012.jpg,/home/ubuntu/models/ML924__012_62px_model400x50.ckpt,120,62,5000,0.551020408,0.009286328,0.01826484,1944,0.3882,924